FTR,B365H,B365D,B365A,FCTH,FCTD,FCTA,L5GH,L5GA,GSPMH,GSPMA,GCPMH,GCPMA,CSH,CSA,CFGH,CAGH,CFGA,CAGF,BPH,BPA,L5MH,L5MD,L5MA
1,1.95,3.5,3.2,1.95,3.5,3.2,2.83,1.4,2.83,1.4,1,0.4,0.33,0.8,3.83,5,4.5,5,0.49,0.5,0,2,3
0,1.9,3,4.75,1.9,3,4.75,1.33,0.17,1.27,1.27,1,0.95,0.37,0.4,4.51,6,4.58,4.53,0.51,0.52,2,0,3
1,2.25,2.87,3.1,2.25,2.87,3.1,0.33,0.5,0.88,0.88,0.91,1.16,0.41,0.25,3.77,4.94,4.16,5.09,0.49,0.49,2,2,1
0,1.72,3.7,3.8,1.72,3.7,3.8,1.83,1,2.07,1,1.5,1.73,0.36,0.18,4.23,3.85,3.6,4.4,0.54,0.44,0,0,0
2,1.5,4.1,4.75,1.5,4.1,4.75,2.17,1.17,2.88,2.73,1.38,1.55,0.12,0.18,6.2,6.8,6.9,4.5,0.51,0.52,3,1,1
0,2.8,3.7,2.05,2.8,3.7,2.05,1,1,0.8,1.5,1.7,1.83,0,0.33,4.86,3,2.57,5.29,0.5,0.41,3,0,2
0,3.3,2.9,2.15,3.3,2.9,2.15,0,0.17,0.31,0.59,3.41,1.82,0.16,0.21,1.14,10.18,1.67,5.17,0.27,0.22,1,1,0
0,1.53,4,5.25,1.53,4,5.25,1.17,0.5,1.98,1.11,1.43,1.82,0.33,0.18,5.35,5.2,3.82,4.09,0.46,0.49,1,0,0
2,3.6,3.4,1.85,3.6,3.4,1.85,1.67,2,1.19,2.33,1.14,1.05,0.22,0.38,4.53,5.59,6.32,3.97,0.47,0.53,3,0,2
0,1.55,4.33,4.2,1.55,4.33,4.2,2.67,2.17,1.88,1.43,1.35,1.81,0.27,0.14,5.6,5.32,4.44,4.11,0.58,0.55,4,0,1
0,2.55,3.1,2.5,2.55,3.1,2.5,1.17,1,1.44,1.51,1.5,0.81,0.24,0.43,4.97,5.18,5.35,3.94,0.58,0.45,3,1,1
0,1.4,4.5,5.75,1.4,4.5,5.75,2.17,1.33,1.74,1.47,1.38,1.29,0.29,0.28,4.88,4.82,5.1,4.59,0.55,0.47,3,2,0
2,3,3.5,2.05,3,3.5,2.05,1.5,1.83,2.07,1.62,1.47,1.92,0.33,0.15,6.71,4.86,3.55,5.27,0.47,0.43,0,1,1
0,1.61,4.2,4.2,1.61,4.2,4.2,2.5,1.5,2.25,1,1.17,1.89,0.17,0.11,4.9,4.1,3.25,4.75,0.5,0.55,2,3,0
2,2.4,3.1,3.2,2.45,3.1,3.1,1,1.33,1.57,1.73,1.32,1.2,0.38,0.35,5.38,3.09,5.85,4.54,0.52,0.53,0,1,0
0,2.35,3.25,3.2,2.37,3.25,3.1,1.17,1.5,1.87,1.6,0.79,1.03,0.46,0.38,6.83,3.52,5.07,3.9,0.62,0.55,1,2,0
2,3,3.1,2.3,3,3.1,2.3,1.17,1.17,1.19,1.1,1.3,1.05,0.29,0.36,4.46,4.15,5.14,4.89,0.52,0.52,1,2,2
0,3.8,3,2.15,3.8,3,2.1,0.67,0.17,0.24,0.15,3.06,2.73,0.06,0.03,1.78,1.36,7.78,8.32,0.29,0.32,0,1,1
2,2.25,3.1,3.4,2.25,3.1,3.4,1.17,1.5,0.62,0.7,1.82,2.08,0.12,0.2,3.07,6.22,3.42,5.5,0.42,0.36,0,0,1
1,2.1,3.3,3.2,2.1,3.3,3.2,0.83,1,0.83,1,1.5,2,0.33,0,3.6,4,3,4.33,0.53,0.53,1,1,0
1,2.15,3.3,3.1,2.15,3.3,3.1,1.17,1.75,1.17,1.75,0.33,1.25,0.67,0,5.5,3.5,3.67,1.33,0.57,0.53,0,2,0
1,2.55,3.2,2.55,2.55,3.2,2.55,1.67,0.67,1.06,1.11,1.13,0.68,0.31,0.49,5.24,5.55,4.31,4.31,0.53,0.53,1,3,1
2,2.37,3.2,3.1,2.37,3.2,3.1,0.5,0.67,1.3,1.32,1.3,0.95,0.24,0.45,4.21,4.38,5.31,4.31,0.46,0.5,0,1,1
0,2.1,3.4,3.5,2.1,3.4,3.5,1.5,1.17,1.24,1.18,1.55,1.38,0.26,0.29,3.79,6.64,5.06,3.78,0.44,0.45,0,0,0
1,3.4,3.3,2.15,3.4,3.3,2.15,0.83,1.67,1.36,1.82,1,1.26,0.36,0.26,3.45,5.39,4.69,3.75,0.48,0.55,0,0,0
1,2.55,3.2,2.87,2.55,3.2,2.87,1,1.5,1.26,2.08,1.26,1.51,0.29,0.28,4.95,3.95,5.42,3.64,0.49,0.57,1,1,1
2,2.45,3.25,2.87,2.45,3.25,2.87,1.17,1.83,1.63,1.4,1.13,1,0.25,0.4,4.4,4.6,4.7,4.4,0.48,0.48,3,1,1
0,3.1,3.25,2.3,3.1,3.25,2.3,1.33,2.33,1.66,1.79,1.42,1.26,0.34,0.23,3.47,5.41,5.2,3.33,0.41,0.52,0,1,0
2,2.15,3.1,3.6,2.15,3.1,3.6,1.17,1.17,1.1,1.33,0.7,1.33,0.3,0,2.6,4.4,4.56,5.78,0.46,0.51,3,2,0
0,2.25,3.2,3.4,2.25,3.2,3.4,0.83,1.17,0.89,1.25,0.78,1,0.44,0.5,4.5,4.38,5.33,4.17,0.54,0.47,1,2,2
2,2.1,3.6,3,2.1,3.6,3,2.5,1.33,2.57,1.5,1.64,1,0.21,0.33,5.18,3.55,5.73,2.36,0.53,0.54,1,2,2
2,2.25,2.9,3.6,2.25,2.9,3.6,0.83,1.17,1.21,1.68,1,0.91,0.33,0.43,5,4.9,6.7,4.61,0.5,0.53,1,1,1
1,2.15,3.5,2.87,2.15,3.5,2.87,1.33,0.83,1.04,1.47,1.7,1.43,0.19,0.27,4.65,5.88,5.5,5.7,0.48,0.46,1,1,3
0,2.15,3.1,3.3,2.15,3.1,3.3,1.17,1.17,0.96,1.54,0.93,1.32,0.39,0.32,5.39,3.54,5.07,4.93,0.47,0.5,0,1,0
1,2.8,2.9,2.75,2.8,2.9,2.75,1.5,0.83,1.5,1.44,0.86,1.15,0.4,0.27,5.44,3.65,3.9,5,0.54,0.5,2,2,1
1,1.95,3.9,3.5,1.95,3.9,3.5,1.67,2.33,1.21,1.38,1.89,1.68,0.24,0.24,4.74,4.83,5.48,5,0.5,0.45,0,0,0
1,1.95,3.8,3.6,1.95,3.8,3.6,1.83,2.17,1.34,2.08,1.13,1.18,0.26,0.38,4.51,4.6,5.59,4.78,0.58,0.47,3,0,2
0,2.6,3.4,2.35,2.6,3.4,2.35,2,1.67,1.37,1.86,1.22,1.24,0.26,0.34,4.56,4.96,7.15,3.85,0.49,0.51,1,0,1
1,2.25,3.1,3,2.25,3.1,3,0.67,1,0.73,1.24,1.35,1.17,0.23,0.28,4.04,5.23,3.93,5.52,0.51,0.52,0,1,1
2,2.6,3.2,2.6,2.6,3.2,2.6,1,0.5,0.93,0.96,1.36,1.35,0.25,0.19,4.61,4.21,5.38,5.88,0.5,0.5,0,1,4
2,3.1,3.1,2.37,3.1,3.1,2.7,1,1.67,1.33,1.6,1.22,0.7,0.33,0.5,3.22,4.33,2.33,4.56,0.47,0.45,2,0,3
0,2.45,3.25,2.87,2.45,3.25,2.87,0.83,1.5,0.95,1.03,1.37,1.23,0.24,0.35,4.58,5.42,4,4.23,0.48,0.43,1,0,0
0,3,3.1,2.4,3,3.2,2.4,1,1.17,0.78,1.22,1.33,1.11,0.22,0.22,4.57,3,5.38,4.13,0.5,0.54,0,0,0
0,2.25,3.2,3.3,2.25,3.2,3.3,1.33,0.83,1.33,1,0.22,1.22,0.78,0.33,3.56,3.78,3.88,1.25,0.52,0.6,2,1,2
0,2.26,3.65,2.9,2.26,3.65,2.9,0.83,0.67,1.43,1.31,2.07,1.31,0,0.19,4.77,5.38,3.64,4.57,0.49,0.49,3,1,1
1,2.5,3.35,2.36,2.5,3.35,2.36,1.33,1.17,1.59,1.48,1.34,0.96,0.34,0.37,4.5,3.57,6.91,3.77,0.59,0.55,0,2,3
0,2.41,3.3,2.47,2.41,3.3,2.47,0.67,2,0.89,1.48,1.32,0.93,0.25,0.41,5.68,3.68,4.88,5.04,0.52,0.49,2,2,1
0,2.47,3.35,2.41,2.47,3.35,2.41,1.67,2.17,1.25,1.24,1.29,1.41,0.29,0.21,5.33,4.48,4.35,3.81,0.48,0.51,1,4,0
2,2.24,3.1,2.85,2.24,3.1,2.85,0.83,1.75,0.83,1.75,1.33,0.5,0.17,0.75,2.67,2.67,2,3.25,0.53,0.49,2,3,0
0,2.5,3.15,2.75,2.5,3.15,2.75,0.5,1.33,0.57,1.6,1.29,0.8,0.29,0.5,5.14,2.86,5.1,3.2,0.54,0.61,0,4,1
0,2.95,2.8,2.38,2.95,2.8,2.38,1.33,0.5,0.79,0.91,1.1,0.72,0.34,0.53,3.52,5.17,4.13,4.56,0.37,0.49,0,1,0
1,2.41,3.55,2.47,2.41,3.55,2.47,1.67,1.43,1.17,1.92,1.92,2.08,0.33,0.25,4.13,7.25,3.89,6,0.48,0.46,1,3,1
2,2.2,3.55,2.75,2.2,3.55,2.75,0.83,1,1.7,1.2,1.1,1.5,0.4,0.4,4.83,3.67,5.33,4.83,0.58,0.53,2,0,2
2,2.65,3.2,2.55,2.65,3.2,2.55,1,2.83,0.88,2.56,1.5,1.22,0.25,0.33,5.2,3.4,4.71,4.29,0.46,0.52,0,4,1
1,2.34,2.8,3.35,2.34,2.8,3.35,1.33,1,1.25,1,1.25,1,0.25,0.38,3,4,4.75,3.5,0.46,0.59,0,1,1
0,2.75,3.3,2.31,2.75,3.3,2.31,0.33,0.83,0.5,1.08,1.42,0.67,0.08,0.33,4.33,3.92,5.91,4,0.5,0.5,0,0,5
2,3.4,3.5,2.14,3.4,3.5,2.14,0.5,1.67,0.64,2,2,0.91,0.09,0.27,5.4,5.5,6.45,3.82,0.53,0.57,0,1,4
1,2.25,3.4,3.2,2.25,3.4,3.2,1.33,2.33,1.29,2,0.71,2.22,0.43,0.33,4.5,6.67,4,3.89,0.49,0.47,2,1,2
0,2.8,3.2,2.62,2.8,3.2,2.62,0.5,1.33,0.5,1.08,0.63,0.75,0.5,0.33,3.43,4.57,3.64,4.73,0.46,0.45,2,0,1
0,2.1,3.1,3.8,2.1,3.1,3.8,1,0.5,0.89,0.33,1.67,0.67,0.22,0.56,4.22,3.44,3.63,3.38,0.51,0.48,3,0,2
1,3.25,3.3,2.25,3.25,3.3,2.25,1,1.17,3.22,1.5,1.22,0.9,0.22,0.3,3.5,2.25,3.7,4,0.45,0.6,1,1,3
0,2.35,3.5,2.85,2.35,3.5,2.85,1.5,0.83,1.4,2.13,1.1,1.19,0.3,0.38,10.38,6.75,8.57,4.79,0.52,0.51,0,3,2
0,2.65,3,2.7,2.45,3.1,3,0.33,1.33,0.5,1.25,0.88,0.88,0.38,0.25,2.88,5.13,3.43,4.43,0.43,0.44,2,1,2
0,2.95,3.4,2.23,3,3.5,2.25,0.83,1,1.51,1.11,1.66,1.23,0.22,0.37,3.88,5.7,4.45,5.06,0.47,0.48,2,0,3
2,3,3.6,2.34,3,3.5,2.3,1.83,2.5,2.13,2.29,1.38,1.43,0.25,0.29,9,7,4,3.43,0.62,0.53,1,1,3
0,2.85,3.4,2.39,2.9,3.4,2.35,1,1.33,1.69,2.72,2.23,0.73,0.23,0.36,2.73,5.18,4.4,4.7,0.5,0.48,0,3,2
1,3,3.45,2.24,3,3.5,2.25,0.67,1.5,0.67,1.5,1.67,0.5,0.33,0.5,10,5,7.25,2.75,0.6,0.51,0,0,0
0,2.5,3.2,2.7,2.55,3.25,2.75,1.67,0.83,1.44,1.21,1.85,1.39,0.19,0.21,3.96,5.81,4.83,5.57,0.52,0.5,4,0,1
2,2.41,3.4,3.05,2.37,3.3,3,1.5,1.5,1.56,1.5,1,1.2,0.33,0.2,3.78,4.67,4.38,4.5,0.44,0.46,1,1,3
1,2.27,3.65,2.75,2.3,3.75,2.75,1.17,1.5,1.34,1.46,1.31,1.39,0.24,0.25,4.43,5.84,5.25,5.58,0.48,0.43,3,0,2
2,3,3.25,2.08,3.3,3.4,2.15,2,2.83,2.11,1.6,1.61,1.64,0.22,0.24,4.94,3.44,5.25,3.7,0.53,0.54,1,0,4
2,3.35,3.65,2.13,3.4,3.5,2.1,1.33,1.67,1.5,1.8,1.75,0.7,0.25,0.4,3.5,3.25,4.89,7,0.48,0.46,0,2,3
0,2.35,3.05,3.05,2.4,3.1,3.1,1.33,1.67,1.3,1.5,1.2,0.2,0.1,0.8,4.5,5.6,3.8,3.7,0.51,0.51,1,4,0
1,2.5,3.65,2.47,2.55,3.8,2.45,0.67,2,1.8,1.62,1.61,1.45,0.19,0.23,6.07,5,4.93,4.2,0.52,0.49,3,0,2
2,2.6,3.3,2.25,2.55,3.25,2.55,0.67,0.83,0.9,0.89,1.5,1.56,0.3,0.22,7.25,4.5,5.17,3.67,0.41,0.45,2,0,2
0,2.55,3.15,2.7,2.5,3.1,2.7,1.33,2.5,1.33,2.13,1.44,1.13,0.33,0.38,4,4.38,4.67,4.5,0.5,0.45,3,1,1
0,2.85,3.15,2.43,2.87,3.1,2.35,1.33,1.83,1.5,1.88,0.8,0.88,0.4,0.38,3.75,6.75,3.8,4.6,0.52,0.6,2,1,2
1,2.44,3.45,2.49,2.45,3.3,2.6,1,2.83,1.64,2.09,1.93,1.64,0.29,0.27,4.18,5.64,5.2,4.1,0.47,0.52,0,1,4
0,2.5,3.5,2.41,2.5,3.5,2.4,2.33,1.33,2,1.75,0.78,1.42,0.44,0.33,4.88,5.63,5.75,4.38,0.47,0.57,0,0,5
0,2.65,2.95,2.75,2.62,2.9,2.7,1.17,0.83,1.1,0.88,2.2,1.25,0.2,0.12,11.57,5.29,9.75,4.63,0.48,0.51,0,1,4
2,2.48,3.6,2.8,2.45,3.5,2.75,2.33,1.83,2.18,2.4,1.36,1.4,0.27,0.1,5.82,4,6.57,5.86,0.53,0.52,2,0,3
2,3,3.3,2.21,3,3.25,2.2,1.17,1.17,1.3,1.8,1.6,0.8,0.3,0.3,3.5,5.38,4.7,3.3,0.52,0.6,0,3,1
2,2.75,3.25,2.75,2.7,3.2,2.7,1.33,1.67,2.6,1.44,1.1,0.67,0.4,0.56,4.38,4.88,3.29,5.57,0.47,0.51,0,2,3
0,2.21,3.6,2.75,2.2,3.6,2.75,1.33,1.17,1.77,1.77,1,0.85,0.31,0.46,7.55,3.27,4.58,5,0.45,0.47,3,1,1
0,2.29,3.15,3.1,2.25,3.2,3,1.17,0.83,1.16,1.08,0.68,0.72,0.5,0.46,5.57,4.24,4.32,4.39,0.43,0.52,2,1,2
2,2.07,3.5,3.55,2.05,3.4,3.6,1.33,0.5,1.57,0.58,0.71,2,6.29,4.5,6.29,4.5,6.36,5.27,0.49,0.55,3,1,1
0,2.05,3.35,3.95,2,3.2,4.1,1.5,0.83,1.15,0.9,0.92,1.5,0.31,0.3,3.67,4.33,4.1,3.5,0.47,0.52,2,2,1
1,2.21,3.4,3.4,2.2,3.4,3.3,1.5,1.5,1.38,2.1,1,0.6,0.5,0.7,3.75,3,5.75,4.13,0.55,0.54,1,1,3
1,2.7,3.75,2.46,2.7,3.75,2.45,1.67,2.17,2.08,2.09,1.25,1.55,0.17,0.36,3.45,3.18,5,3.73,0.53,0.52,2,1,2
1,2.21,3.5,3.3,2.15,3.5,3.3,1.78,1.67,1.77,1.5,2.63,1.4,0.09,0.1,3.86,2.08,4.5,6.2,0.46,0.45,0,0,0
0,2.29,3.4,3.2,2.29,3.4,3.2,1.5,1.67,2.17,1.9,1.5,0.9,0.17,0.3,5.75,3.42,6.33,4.22,0.55,0.54,1,1,3
1,2.85,3.35,2.5,2.62,3.3,2.55,1.5,2.5,1.36,2.17,1.21,1.33,0.36,0.17,4.79,5.07,5.18,4.27,0.45,0.5,2,2,1
1,2.7,3.6,2.38,2.87,3.6,2.3,2.67,2.5,1.94,2.88,1.47,1.13,0.24,0.44,10.25,6.42,8.5,4.67,0.54,0.51,1,2,1
1,2.09,2.9,4.7,2.05,2.8,4.75,0.33,0.83,0.36,0.83,0.82,1.08,0.45,0.33,3.7,3.8,3.36,5.36,0.46,0.47,3,0,2
1,2.3,2.95,3.25,2.4,3,3.2,0.5,1,1.3,1,1.1,0.82,0.2,0.36,4.57,4.57,4.1,4.6,0.49,0.52,1,1,3
2,3.25,3.15,2.41,3.3,3.1,2.4,0.67,0.83,1.1,1.67,1.1,1.22,0.3,0.33,4.75,4.88,4.86,4.14,0.51,0.58,1,2,1
2,2.29,3.2,2.95,2.4,3.3,2.9,0.67,1,1.1,2.91,1.8,1.18,0.3,0.27,4.9,4.3,5.75,3.63,0.52,0.5,1,1,1
0,2.55,3.75,2.5,2.5,3.6,2.45,1.5,1.83,1.46,1.47,1.31,1.73,0.38,0.13,4,6.3,6.14,4.93,0.51,0.44,1,3,1
2,2.4,3.4,2.75,1.95,3.6,3.25,1.17,0.83,1.48,1.38,1.19,2.38,0.31,0,0,0,0,0,0,0,0,0,0
2,3,3.2,2.31,3.2,3.3,2.25,0.83,1,1.09,1.17,1.18,1,0.27,0.33,3.09,4.55,4.91,3.36,0.46,0.52,0,0,1
1,3.15,3.3,2.38,3.2,3.3,2.3,0.67,1.33,0.88,1.5,2,1.1,0,0.3,4.57,4.14,4,4.5,0.47,0.45,0,3,2
0,2.21,3.55,3.3,2.1,3.5,3.5,1.67,0.67,1.25,1.3,1.58,0.9,0.17,0.5,4.64,4.27,5,4.14,0.51,0.45,3,2,0
0,2.31,3.45,3.15,2.3,3.4,3.2,0.83,1,1.1,1.13,2.7,1.75,0,0.12,4.11,3.89,3.5,3.5,0.49,0.51,1,0,1
0,2.33,3.85,2.85,2.25,3.8,3,2.83,2.5,3.57,2.18,1.43,1.36,0.29,0.36,4.09,5.18,5.25,3.67,0.58,0.63,3,1,1
2,3.4,3.6,2.14,3.3,3.5,2.15,1,2,0.8,1.58,1.1,2.08,0.4,0.8,3.11,5,3.64,4.73,43.22,45.82,1,1,3
1,3.2,3.3,2.35,3.25,3.2,2.3,1.17,1.33,1,1.64,1.38,0.93,0.31,0.36,5.17,3.17,5.43,3.86,0.55,0.53,0,1,1
1,2.75,3.35,2.39,2.87,3.3,2.45,0.83,1.83,0.97,1.45,1.57,1.79,0.3,0.17,2.76,5.1,3.93,5.93,0.39,0.52,1,0,4
1,2.21,3.45,2.95,2.2,3.6,3,1.5,1.33,1.31,1.09,1.48,1.45,0.14,0.27,5.48,4.22,5.48,5.34,0.55,0.5,0,1,1
0,2.75,3.7,2.35,2.75,3.6,2.3,1.67,1.5,1.38,2.1,1.75,1.05,0.12,0.33,6,4.73,4.53,4.33,0.44,0.51,3,1,1
2,2.95,3.5,2.23,3.1,3.5,2.25,1.5,1.17,2.24,1.82,1.53,1.06,0.24,0.35,5.43,4.79,4.07,4.33,0.52,0.49,3,1,1
0,2.75,3.45,2.55,2.7,3.4,2.55,1,1.83,1.22,1.31,1.89,1.46,0.11,0.23,3.47,4.57,4.58,4.17,0.5,0.5,0,1,1
2,2.75,3.25,2.5,2.75,3.25,2.5,0.83,2,1.67,2.64,0.78,0.86,0.44,0.43,4.17,5.5,3.83,3.92,0.39,0.61,0,1,4
0,2.65,3.65,2.4,2.62,3.7,2.4,0.67,1.33,0.64,2.18,1.27,2,0.27,0.18,5.3,4.9,3.78,5.33,0.43,0.56,1,0,4
1,2.43,3.5,2.48,2.45,3.5,2.5,1.33,1,1.29,1.23,1.64,1.23,0.43,0.46,3.7,6.6,5,4.89,0.5,0.51,1,3,1
2,2.25,3.3,3,2.25,3.4,3,1.67,0.5,1.4,1.33,1,1,0.2,0.42,3.22,4.56,5.42,3.58,0.45,0.61,1,0,1
2,2.55,3.15,2.6,2.55,3.2,2.62,0.67,0.67,1.75,1,0.83,1.91,0.5,0.27,4.55,3.91,4.73,4.18,0.5,0.51,3,1,1
2,2.95,3.05,2.7,2.9,3,2.6,0.33,0.83,1.09,1.46,1.82,0.54,0.36,0.54,4.6,4.4,4.56,5,0.45,0.46,1,1,1
2,2.7,3.4,2.5,2.7,3.3,2.5,0.5,1.5,1.31,1.73,0.69,1.47,0.54,0.33,2.17,7.17,4.18,5,0.39,0.48,0,3,2
0,2.27,2.95,3.35,2.3,3,3.4,1,1.83,1,1.42,0.83,0.33,0.33,0.67,4.36,4.64,4.08,4.25,0.51,0.51,1,1,3
2,2.47,2.95,2.95,2.5,3.2,2.8,1.33,1,1.22,1,0.78,1.33,0.44,0.17,3.89,3.22,3.82,2,0.52,0.6,0,0,1
2,2.95,3.2,2.6,2.9,3.1,2.55,1.5,2,1.55,1.92,0.91,0.92,0.45,0.33,3.89,5.33,6.36,4,0.54,0.53,1,2,2
0,2.47,3.4,2.6,2.5,3.4,2.7,1.67,1.33,1.62,1.25,0.77,1.5,0.46,0.17,3.67,4.33,5.55,3.91,0.78,0.55,0,0,0
0,2.14,3.4,3.6,2.1,3.4,3.6,1.17,1.5,1.27,2.55,1.18,1.27,0.18,0.36,2.27,2.73,4.44,5,0.49,0.45,0,0,0
2,2.24,3.05,3.2,2.3,3.1,3.2,1.5,0.83,1.7,1.33,0.9,1.17,0.4,0.25,4.5,4.75,4.58,3.67,0.42,0.5,0,1,1
2,2.47,3.45,2.9,2.45,3.4,2.87,0.67,1.33,1.18,2,1,1.27,0.45,0.45,4.75,4.13,5.8,4.1,0.47,0.51,0,1,4
1,2.31,3.65,2.9,2.3,3.7,2.8,1.17,1.17,1.36,1.42,0.82,1.17,0.27,0.33,6.18,3.91,6.58,3.5,0.6,0.54,1,1,3
0,2.55,3.35,2.55,2.7,3.25,2.6,1.83,3,1.78,2.31,1.11,1.06,0.28,0.38,4.81,4.13,4.54,4.69,0.48,0.49,1,3,1
2,3.5,3.25,2.23,3.6,3.2,2.2,0.67,1.67,0.89,1.5,1.89,1.17,0,0.17,4.38,4.38,4.1,4.7,0.47,0.45,1,2,2
2,2.6,3.6,2.38,2.62,3.6,2.45,0.5,2,1.76,2,1.65,1.32,0.18,0.34,6.07,5,6.34,4.69,0.52,0.53,2,1,2
2,2.32,3.85,2.85,2.3,3.75,2.87,2,2.17,1.85,2.08,1.38,1.17,0.38,0.25,5.85,3.85,8.09,6.82,0.53,0.6,2,2,1
2,2.34,3.85,2.8,2.3,3.8,2.8,1.5,1.5,1.75,2.25,1.83,1.81,0,0.19,4.45,4.91,4.09,4.18,0.51,0.49,4,0,1
1,3.45,3.35,2.22,3.4,3.3,2.2,1.17,1.67,2.09,2.15,0.55,1.46,0.55,0.15,4.5,5.5,5.54,3.92,0.42,0.54,1,3,1
2,3,3.6,2.13,3,3.6,2.13,1.17,2.67,1.46,1.64,1.67,1.43,0.19,0.24,4.86,5.76,5.04,4.16,0.49,0.5,1,1,3
1,2.8,3.45,2.55,2.75,3.4,2.5,1.33,2.5,2.08,2,0.58,0.83,0.5,0.33,4,2.92,6.17,4,0.51,0.58,2,2,1
0,2.65,3.3,2.65,2.6,3.25,2.7,1.33,1.67,2,3.12,0.94,0.96,0.44,0.36,5.36,5.21,5.33,5,0.51,0.55,0,0,0
2,2.9,3.2,2.55,2.8,3.3,2.45,1.33,0.5,1.68,0.46,0.65,2,0.55,0.08,5.06,3.46,5.38,5.77,0.5,0.51,0,0,0
0,2.18,3.65,3.15,2.1,3.6,3.25,1,2.5,1.39,2.08,1.67,1.32,0.11,0.32,6.18,4.88,5.11,4.53,0.44,0.54,0,0,0
2,3.2,3.65,2.16,3.3,3.5,2.1,1.67,2.17,2.07,2.11,0.53,1.44,0.53,0.26,4.43,3.86,6.86,4.18,0.53,0.51,0,0,0
2,2.75,3.65,2.41,2.8,3.6,2.35,2.17,2.33,2.32,2.75,0.95,1.75,0.37,0.17,5.16,3.37,5.58,4.08,0.55,0.5,0,0,0
1,2.41,3.45,2.9,2.35,3.4,2.87,2.17,1.83,2.79,1.71,0.57,1.5,0.64,0.36,6.64,3.18,5.79,3.79,0.59,0.52,0,0,0
2,2.5,3.6,2.65,2.45,3.6,2.62,2.17,1.67,1.53,2,1.18,1.25,0.41,0.42,4.59,5.18,5.64,4,0.54,0.51,1,1,1
1,2.9,3.6,2.34,2.87,3.5,2.3,1.83,2.5,1.67,2.24,1.13,1,0.33,0.35,5.5,5.07,5.06,3.06,0.52,0.52,0,0,2
2,2.75,3.3,2.5,2.8,3.25,2.5,0.5,1.5,1.19,2.25,1.88,1.58,0.31,0.33,3.36,5.45,3.5,5.4,0.42,0.45,1,1,1
0,2.47,3.8,2.7,2.5,3.6,2.62,1.83,1.5,2,2,1.69,0.93,0.23,0.5,6.38,4.08,3.83,3.75,0.54,0.54,2,1,2
0,2.8,2.7,2.85,3,2.7,2.87,1.5,1.5,1.07,1.21,0.79,1.07,0.21,0.29,2.71,4.5,5,3.85,0.46,0.52,0,1,2
1,2.9,2.9,2.85,2.8,2.87,2.9,0.83,0.5,0.86,0.87,1.07,1.4,0.29,0.27,3.38,5.38,5.31,4.77,0.47,0.46,0,0,0
1,3.05,3.4,2.33,3,3.25,2.37,1.67,1.67,1.81,1.64,1,0.82,0.44,0.55,4.93,4.36,6.18,3.27,0.48,0.59,1,1,0
1,3.2,3.7,2.18,3.2,3.6,2.15,1.83,1.33,1.46,1.64,1.92,0.86,0.15,0.36,4.23,5.69,5.08,6.31,0.43,0.49,2,1,2
1,2.09,3.5,3.35,2.05,3.5,3.3,0.5,0.83,0.89,1.62,1.78,1,0.22,0.46,5.43,6.86,3.44,5.11,0.51,0.46,1,0,0
2,2.7,3.7,2.5,2.7,3.5,2.55,1.67,2.17,1.62,1.8,1.46,1.13,0.23,0.27,4.36,3.55,5.38,3.08,0.47,0.57,1,1,3
2,2.43,3.5,2.65,2.45,3.5,2.7,1.5,3.33,1.83,3.18,1.06,1.24,0.33,0.18,3.81,4.44,5.29,4.29,0.49,0.53,1,2,2
0,2.4,3.35,3.1,2.35,3.3,3.1,0.67,2,1.12,1.35,1.76,1.35,0.29,0.24,4.41,3.06,4.71,4.35,0.55,0.48,2,1,1
1,2.26,3.75,3,2.2,3.7,3.1,2.33,2.33,1.75,1.8,1.31,1.6,0.25,0.33,3.81,4.19,6.07,3.87,0.5,0.52,1,0,4
1,2.7,3.5,2.45,2.7,3.5,2.45,2.17,2.67,1.95,2.05,1.68,1.21,0.14,0.37,4.89,4.32,6.33,4.13,0.5,0.56,1,1,3
2,2.5,3.25,2.65,2.6,3.2,2.75,1,1.67,0.92,2.07,1.31,1.07,0.23,0.36,4.36,3.82,4.82,3.91,0.47,0.56,0,1,1
0,2.24,3.35,3.2,2.25,3.4,3.1,0.17,0.5,0.42,0.6,2.08,1.2,0.25,0.4,5.7,5.7,3.29,6.57,0.44,0.44,1,0,2
0,2.22,3.55,2.85,2.2,3.6,2.9,2,1.5,2.18,1.96,1.06,1.75,0.35,0.21,4.36,5.36,5.33,5.19,0.5,0.5,1,1,3
0,2.75,3.45,2.14,3,3.6,2.2,1.5,1.33,1.5,2.59,1.67,1.09,0.2,0.5,5.28,4.08,5.18,3.86,0.53,0.6,1,3,1
1,2.9,3.5,2.44,2.87,3.3,2.45,2,0.67,1.77,1.7,1.98,1.15,0.05,0.35,1.18,1.55,5.91,4.27,0.5,0.52,1,1,3
0,2.9,4,2.25,2.87,4,2.2,2,2.17,2.46,2.14,1.15,1.07,0.38,0.29,6.08,3.42,7.92,6.46,0.56,0.6,2,0,3
0,2.27,3.75,2.85,2.2,3.75,2.9,2.17,2.17,2.25,2.11,1.75,1.39,0.25,0.29,6.46,3.04,6.65,4.35,0.56,0.5,4,0,1
0,2.55,3.25,2.9,2.5,3.2,2.9,0.83,1.17,1,1.47,1.46,0.88,0.23,0.35,4.54,3.54,5.53,3.82,0.54,0.53,1,4,0
0,3.15,3.65,2.24,3.1,3.6,2.2,1.5,2,2,1.93,1.27,1.57,0.27,0.21,5.87,3.53,3.85,4.15,0.56,0.53,1,0,4
1,3.35,3.15,2.36,3.3,3.2,2.3,0.83,1.33,0.88,1.86,1,0.86,0.38,0.43,5.63,4.13,3.93,3.14,0.54,0.5,0,2,3
2,2.75,2.8,2.8,2.75,2.8,2.8,0.83,0.33,0.71,0.87,1.14,0.73,0.43,0.47,4.08,6.08,2.43,4.64,0.46,0.44,1,0,0
1,2.35,3.15,2.95,2.35,3.3,2.9,1.33,1,1.83,1,1.33,0.89,0.39,0.42,4.64,4.5,5.27,3.93,0.53,0.48,1,3,1
1,2.7,2.95,2.9,2.75,3.1,2.75,0.33,0.5,0.82,0.88,1.18,1.3,0.32,0.3,3.5,5.88,3.76,4.21,0.48,0.47,2,1,1
2,3,2.8,2.7,3,2.87,2.62,0.83,0.5,1.12,1.24,1.09,0.98,0.33,0.34,5.3,3.48,4.98,4.48,0.46,0.57,0,2,1
0,2.45,3.05,3.15,2.4,2.9,3.3,0.5,1.33,0.87,1.02,1.24,1.09,0.29,0.29,4.74,4.92,4.64,4.13,0.52,0.5,2,1,1
0,2.2,3.3,3.1,2.15,3.25,3.4,0.17,1.83,0.87,1.41,1.9,1.79,0.26,0.21,4.3,4.43,4.66,5,0.48,0.44,1,1,3
2,2,3.1,4.2,1.95,3.25,4.33,1,1.5,0.94,0.87,1.29,1.48,0.41,0.19,5.44,5.24,3.16,4.77,0.49,0.52,0,2,0
0,2.8,2.95,2.6,3.1,3,2.45,0.67,1.33,1.24,1.38,0.78,0.83,0.38,0.45,5.14,5.44,5.56,4.29,0.5,0.53,1,1,3
0,2.15,3.25,3.25,2,3.4,3.9,1.17,1.67,1.66,1.5,0.88,1.12,0.44,0.32,6.64,4.64,5.73,4.69,0.53,0.52,3,1,1
2,1.8,3.35,4.4,1.83,3,4.5,1.17,0.83,0.91,1,0.96,1.4,0.39,0.2,3.87,5,4.6,4.3,0.44,0.4,0,1,4
0,2.9,2.95,2.5,3.1,3,2.4,0.5,0.67,1.07,1.43,0.93,0.83,0.33,0.35,4.81,3.95,4.51,3.74,0.52,0.55,2,2,1
0,2.6,3.25,2.55,2.6,3.25,2.55,2.17,1,1.74,1.46,1.43,1.68,0.21,0.22,5.67,4.79,4.95,4.98,0.55,0.58,1,2,2
2,2.25,3.45,2.9,2.25,3.45,2.9,1.67,2.5,1.23,1.95,1.12,1.76,0.26,0.17,4.54,5.59,5.49,5.17,0.47,0.59,1,2,2
1,2,3.5,4.1,2,3.5,4.1,1.33,0.83,1.49,2.08,0.87,0.92,0.42,0.42,6.14,3.52,6.44,3.67,0.57,0.59,2,0,0
2,2.75,2.95,2.85,2.75,2.95,2.85,1.17,0.33,1.28,1.26,1.39,1.13,0.25,0.29,4,4.59,5.35,4.65,0.51,0.5,2,0,0
0,2.95,3.2,2.5,2.8,3.25,2.6,1.17,1.67,1.09,1.58,1.98,0.81,0.2,0.48,3.11,5.08,4.41,3.73,0.41,0.54,2,1,0
2,2.8,2.95,2.75,2.9,2.9,2.62,1.17,0.33,1.28,1.26,1.39,1.13,0.25,0.29,4,4.59,5.35,4.65,0.51,0.5,2,0,0
0,3.1,3.05,2.32,3.25,3.2,2.35,1.17,1.67,1.09,1.58,1.98,0.81,0.2,0.48,3.11,5.08,4.41,3.73,0.41,0.54,0,1,2
2,2.55,3.45,2.5,3.1,3.45,2.5,1,0.5,1,0.5,1.33,3,0,0,4.5,5.5,5.5,5,0.5,0.48,0,0,0
1,2.75,2.95,2.75,2.75,2.95,2.75,0.33,1,0.94,1.22,0.9,1.14,0.35,0.33,3.17,4.83,3.18,2.73,0.45,0.54,0,0,0
0,3.1,3.1,2.4,3,3,2.55,1,1.17,0.91,1.03,1.91,1.66,0.2,0.16,2.5,6.13,4.69,6.46,0.37,0.5,0,1,1
2,2.45,3.05,2.65,2.5,3.1,2.75,1,0.83,1.07,1,0.86,1,0.36,0.42,6.18,5.36,6.33,3.44,0.48,0.59,2,0,0
2,2.38,3.4,2.46,2.6,3.75,2.25,1.33,1,1.36,1.47,1.14,0.87,0.29,0.47,3.71,4.43,5.21,5.14,0.47,0.5,1,3,1
2,2.34,2.75,3.5,2.4,2.7,3.6,1,1.17,1.31,1.36,1.08,0.57,0.23,0.57,4.4,5.2,4.64,4.14,0.5,0.51,0,2,3
2,2.35,2.8,2.95,2.35,2.87,3,0.83,1,0.88,1.33,1.13,1.22,0.12,0.44,4.5,3.25,3.25,6.13,0.5,0.45,0,0,0
1,2.95,3.2,2.45,3,3.2,2.45,1.5,1,1.25,1.25,1.55,1.22,0.27,0.31,3.94,6.25,4.91,4.26,0.43,0.5,0,0,0
1,2.65,3.25,2.65,2.7,3.2,2.62,1.17,1.67,1.48,1.65,0.9,1.27,0.42,0.35,6.21,3.97,6,3.78,0.58,0.52,0,0,1
1,2.6,3.3,2.55,2.3,3.3,3.1,0.83,1.83,1.34,1.55,1.34,1.58,0.17,0.25,4.83,5.26,3.86,5.41,0.5,0.41,4,0,1
1,2.26,3.3,2.65,2.37,3.5,2.62,0.83,1.67,0.81,1.84,1.25,2.16,0.31,0.11,4.15,5.92,5.67,6.67,0.45,0.53,3,0,2
0,2.48,3.4,2.37,2.5,3.4,2.5,1.33,0.83,1,1.09,1.87,1.6,0.15,0.23,4.16,5.87,4.09,5.31,0.47,0.48,0,2,3
0,2.55,3.1,2.9,2.62,3.1,2.87,0.67,1,1.67,1.55,1.11,1.12,0.3,0.36,4.84,3.7,5.06,3.94,0.53,0.55,0,0,1
0,2.43,2.85,2.8,2.5,3.1,2.9,0.33,1.5,0.85,1.15,1.1,1.07,0.46,0.37,4.72,5.21,4.26,3.7,0.47,0.55,0,2,3
2,2.8,2.7,2.55,2.75,2.87,2.87,0.83,0.83,0.79,0.83,1.13,0.74,0.36,0.43,4.92,4.44,4.69,4.34,0.47,0.52,0,0,1
2,2.65,3.05,2.4,2.65,3.05,2.4,0,0,0,0,0,0,0,0,0,0,0,0,0,0,0,0,0
0,2.24,2.95,2.95,2.24,2.95,2.95,0,0,0,0,0,0,0,0,0,0,0,0,0,0,0,0,0
0,2.8,2.8,2.49,2.8,2.8,2.5,0.83,1.33,0.88,1.1,1.5,1.4,0.38,0.4,5.43,4.29,4.3,5.7,0.52,0.49,0,0,2
0,2.6,2.9,2.6,2.6,2.9,2.6,0,0,0,0,0,0,0,0,0,0,0,0,0,0,0,0,0
2,2.39,3.4,2.46,2.39,3.4,2.46,1.41,0,1.41,0,1.45,11,0.36,0,4.45,4.8,0,0,0.5,0,0,0,0
0,2.38,3.35,2.6,2.38,3.35,2.6,1,1,2.5,1.74,1.44,1.68,0.25,0.26,3.91,5.27,5.53,5.33,0.49,0.5,2,0,2
0,2.9,3.55,2.03,2.9,3.55,2.03,1.83,1.5,1.53,1.77,1.35,1.31,0.29,0.29,5.19,4.56,4.57,4.3,0.46,0.58,1,0,2
2,2.47,3.1,2.55,2.47,3.1,2.55,1.17,1.17,1,1.5,1.57,0.75,0.29,0.5,3.86,4.14,4.13,3.13,0.49,0.53,2,0,0
0,2.48,3,2.6,2.48,3,2.6,1.33,1.83,1.45,1.8,1.82,1.2,0.27,0.2,3.44,4.89,6.22,3.67,0.38,0.6,0,2,1
0,2.6,3.05,2.45,2.6,3.05,2.45,0.67,1.33,0.56,1.33,1.56,1.33,0.22,0.22,4.57,4.43,3.63,3.13,0.42,0.51,0,1,1
2,2.6,3.1,2.42,2.6,3.1,2.42,1.33,1,1,1.2,2,0.8,0.12,0.5,3.86,3.14,4.38,3.75,0.4,0.52,0,2,3
1,2.8,3.3,2.39,2.8,3.3,2.39,1.17,1.17,1.13,0.92,2.07,2,0.07,0.08,3.18,6.55,5.73,3.45,0.5,0.55,0,0,0
2,2.42,3.5,2.5,2.42,3.5,2.5,1.33,2.17,2.35,1.53,1.88,1.2,0.12,0.47,5.43,5.21,5.09,5.55,0.57,0.5,2,1,2
2,2.42,3.55,2.46,2.42,3.55,2.46,1.17,1.17,1.19,1.65,1.69,1.71,0.06,0.35,4.92,5.08,4.79,4.86,0.46,0.48,3,0,2
0,2.55,2.9,2.6,2.55,2.9,2.6,1.17,0.83,0.85,0.94,1.15,1.23,0.36,0.4,3.39,4.88,5.46,5.2,0.37,0.49,1,0,0
1,2.85,2.7,2.55,2.85,2.7,2.55,0.83,0.5,0.72,1.11,1.19,1.11,0.34,0.36,3.81,5.31,4.94,4.81,0.37,0.48,1,2,0
0,2.8,3.6,2.28,2.8,3.6,2.3,0.83,1.83,1.89,2.5,1.44,0.94,0.28,0.38,4.13,4.47,4.92,4.46,0.52,0.54,1,0,3
2,2.65,3.3,2.48,2.62,3.24,2.45,1.17,0.67,1.33,1.08,1.48,1.13,0.35,0.3,4.65,5.51,5.11,5.43,0.47,0.53,2,1,2
0,2.9,2.85,2.6,3,2.87,2.62,0.67,1,0.62,1.38,0.69,0.88,0.46,0.5,3.62,4.23,4.88,4.69,0.43,0.5,0,2,3
1,2.22,3.3,3.15,2.25,3.4,3.1,1.33,0.83,2.15,1.44,1.46,1.63,0.38,0.38,3.64,5.45,4.25,5.08,0.45,0.45,1,1,1
0,2.32,3.35,2.85,2.37,3.3,3,1,2,1.7,1.67,1.7,1.67,0.41,0.31,4.82,5,5.13,3.76,0.58,0.51,3,2,0
2,3.55,3.6,1.96,3.6,3.6,1.95,0.83,2.17,2.07,2.21,1.27,1.21,0.33,0.16,3.45,6,4.64,4.18,0.5,0.48,2,1,2
0,2.49,3.05,2.75,2.55,3.1,2.87,0.67,0.5,1,1,1.29,1.77,0.29,0.23,3.23,2.77,4.77,4.54,0.49,0.52,0,0,0
2,3.15,3.35,2.35,3.2,3.3,2.3,0.5,1.67,1.64,2,2.56,1.25,0.08,0.25,3.9,2.5,5.5,3.75,0.46,0.55,1,2,1
2,3.5,3.4,2.17,3.5,3.3,2.15,2,1,1.62,1.67,2.08,1.27,0.15,0.33,4.17,6.08,5.69,4.15,0.48,0.46,1,0,0
1,3.05,3.5,2.24,2.9,3.4,2.2,0.83,1.33,2.13,1.62,1.27,0.92,0.27,0.38,5.29,4.71,6.58,4.5,0.49,0.54,0,2,3
2,2.85,3.55,2.4,2.87,3.4,2.37,2,1.83,1.12,1.82,1.82,1.06,0.12,0.41,6.31,4.69,5.13,4.13,0.53,0.48,1,2,2
1,2.38,2.8,3.3,2.4,2.8,3.4,0.67,1.5,1,1.25,1,0.88,0.47,0.19,4.31,4.31,2.88,4.5,0.49,0.46,1,0,1
1,3.2,3.2,2.4,3.25,3.1,2.37,1.5,1.83,1.38,2.6,1.23,1.83,0.23,0.05,4.85,4.46,2.31,3.95,0.46,0.52,3,2,0
0,2.65,3.5,2.65,2.62,3.4,2.6,1.17,2.33,1.36,1.79,1.82,1.21,0.18,0.14,3.56,4.44,4.08,4.67,0.49,0.45,0,1,3
1,2.5,3.55,2.5,2.55,3.5,2.6,1,0.83,1.6,1.43,1.53,1.36,0.17,0.25,4.93,6.01,5.21,5.81,0.44,0.43,1,2,2
0,2.8,3.2,2.7,2.8,3.1,2.7,0.83,1.5,1.17,1.62,1.42,1.23,0.25,0.38,6.33,4.42,3.45,5.73,0.49,0.51,2,2,1
0,3.1,3.3,2.31,2.9,3.2,2.25,0.67,1.5,1.2,1.94,0.93,1,0.47,0.44,3.14,6.57,4.73,3.64,0.41,0.53,2,3,0
0,2.24,3.85,3,2.2,3.8,3,2.17,2,2.21,1.78,1.79,0.94,0.21,0.44,5.5,3.8,3.75,4.94,0.62,0.51,1,0,4
1,2.55,3.45,2.75,2.55,3.4,2.75,1.67,0.67,1.53,1.61,2.2,1.11,0.13,0.22,3.4,5.87,4.29,4.59,0.46,0.48,4,0,1
2,2.65,3.25,2.8,2.62,3.25,2.75,1.67,0.83,1.42,2.49,1.32,1.77,0.26,0.05,3.67,4.56,2.6,4,0.51,0.52,1,2,2
2,2.8,3.5,2.29,2.9,3.5,2.3,1.17,1,1.83,1.17,1.58,1.34,0.22,0.23,4.89,5,5.37,5.5,0.49,0.49,1,1,1
1,2.75,2.85,2.85,2.75,2.85,2.85,0.83,1.67,0.82,1.6,1.45,0.77,0.27,0.47,5,3.82,0,0,0.53,0,0,0,0
2,2.27,3.6,2.9,2.25,3.6,2.87,1.67,1.33,2,2.07,1.38,1.59,0.31,0.3,6.63,4.81,6.37,3.3,0.49,0.56,4,0,1
2,2.55,3.45,2.55,2.6,3.5,2.55,2,1.83,2.37,2.05,1.11,1.18,0.21,0.18,4.53,4.29,5.07,4.21,0.54,0.48,2,0,3
0,2.55,3.1,2.44,2.62,3.4,2.62,0.83,0.67,1.37,0.96,1.81,1.3,0.15,0.26,4.64,4.09,4.95,3.95,0.5,0.43,2,1,2
2,3.25,3.35,2.32,3.2,3.3,2.25,1.33,3.33,1.5,2.4,1.25,1.15,0.38,0.3,4,5.57,5.4,3.45,0.5,0.55,1,2,2
0,2.26,3.3,2.7,2.35,3.4,2.75,0.83,1.5,1.28,0.97,1.28,0.97,0.25,0.42,4.48,3.88,4.79,5,0.5,0.49,0,1,2
0,2.8,3.1,2.7,2.75,3.1,2.7,1,0.67,1,1.29,0.9,0.57,0.38,0.5,4.72,4.89,4.64,3.71,0.43,0.57,1,1,0
0,2.4,3.45,2.85,2.4,3.4,2.8,1.83,0.83,1.52,1.78,1.7,1.11,0.13,0.39,6.23,4.95,5.08,3.85,0.45,0.55,2,1,2
1,2.47,3.4,2.6,2.5,3.5,2.62,1.17,1.17,1.57,1.66,1.51,1.17,0.17,0.23,5.28,5.53,5.23,5.48,0.53,0.52,0,0,5
2,2.5,3.3,2.5,2.55,3.4,2.62,1.83,2,1.58,2.06,1.32,1.67,0.37,0.17,4.93,6,5.12,4.41,0.48,0.52,1,0,2
0,2.8,3.3,2.45,2.8,3.3,2.55,1.5,0.5,1.13,1.1,2.53,1.8,0,0.3,3.07,6,3.8,5.67,0.4,0.43,0,1,2
1,2.6,3.7,2.6,2.6,3.5,2.6,2,2,1.8,2.14,1.5,1.48,0.3,0.24,5.8,4,6,3.81,0.52,0.59,2,2,1
2,2.9,3.05,2.7,2.9,3,2.62,1.67,1.33,1.18,0.9,1.41,1,0.35,0.35,4.53,4,6.05,3.95,0.54,0.57,1,1,3
2,2.65,3.5,2.65,2.6,3.5,2.62,1,1.67,1.63,1.4,1.16,1.07,0.21,0.27,4.39,4.5,5.21,5.57,0.48,0.53,0,3,1
0,2.6,3.3,2.65,2.62,3.3,2.7,1,1.83,1.89,2.3,1.47,1.25,0.26,0.2,3.53,5.4,4.5,4.28,0.5,0.54,0,1,4
1,2.65,3,3.05,2.6,3,3,1.33,0.83,1,0.89,1.41,1.39,0.29,0.28,4.13,5.06,5.25,4.56,0.45,0.45,1,3,0
2,2.7,3.7,2.4,2.7,3.6,2.45,1,2,1.48,1.77,1.56,0.85,0.2,0.38,6.21,4.92,5.43,4.35,0.44,0.58,0,1,4
1,2.39,3.4,2.8,2.37,3.4,2.9,1.83,3,1.68,2.19,1.18,0.74,0.32,0.48,5.48,4.62,5.63,3,0.52,0.58,2,1,2
1,2.55,3.3,2.9,2.55,3.2,2.9,1.17,1.5,2.44,1.54,1.73,0.96,0.07,0.33,2.66,4.07,4.05,4,0.52,0.53,2,2,1
2,2.8,3.35,2.6,2.75,3.3,2.6,1.67,0.83,1.47,1.42,0.82,0.79,0.35,0.42,4.59,4.65,5.22,6,0.44,0.49,1,1,3
2,2.1,3.45,3.65,2.05,3.4,3.6,1,0.83,1.32,1.28,1.09,1.11,0.27,0.33,3.77,3.86,4.94,4.44,0.61,0.57,1,2,2
1,2.11,3.85,3.25,2.05,3.75,3.25,1.67,1.17,1.89,1.62,1.47,1.67,0.26,0.1,5.5,4.56,5.05,5.4,0.59,0.5,2,1,2
2,3.45,3.1,2.34,3.4,3.1,2.3,1,1.67,1.28,1.76,0.61,0.9,0.5,0.38,4.5,5.64,4.52,3.14,0.47,0.52,2,0,3
2,3.3,3.3,2.32,3.3,3.2,2.3,0.33,1.67,1.19,1.59,1.94,1.29,0.19,0.12,3.69,6.23,4.8,4.67,0.43,0.47,0,0,2
2,2.19,3.45,3.4,2.15,3.4,3.4,0.83,1.17,1.41,1.25,1.53,1,0.24,0.44,5.6,3.2,4.92,3.92,0.49,0.48,1,1,2
0,3.25,3.55,2.21,3.25,3.5,2.2,1,1.33,1.06,1.38,2.75,1.29,0,0.24,4.53,3.8,3.9,4.35,0.48,0.51,2,0,3
1,2.85,3.5,2.45,2.8,3.4,2.45,2.67,1,2.35,1.95,1.39,1.1,0.26,0.35,6,3.78,5.7,3.55,0.58,0.54,0,1,4
0,2.9,3,2.6,2.9,3,2.6,0.67,1.83,1.76,2.04,1.24,0.7,0.24,0.48,3.77,3.54,6.77,4.73,0.48,0.56,1,1,3
2,2.48,3.2,3.1,2.45,3.2,3,0.83,1.67,0.56,1.29,0.83,1.67,0.33,0.29,4.06,3.41,4.96,3.21,0.45,0.55,2,0,2
0,2.65,3.3,2.39,2.75,3.4,2.4,1.17,1.67,1.5,0.81,1.21,1.12,0.33,0.12,4.57,5.17,5.13,5.04,0.51,0.61,2,0,0
0,2.15,3.35,3.15,2.15,3.4,3.2,2,0.83,1.58,1.79,1.35,0.92,0.27,0.42,4.5,4.42,3.87,4.26,0.52,0.43,2,0,3
1,2.6,2.85,2.6,2.6,2.9,2.6,1.67,1.33,1.23,1.21,1.31,1.07,0.15,0.36,4.38,4.69,3.31,3.69,0.5,0.48,0,0,2
2,2.42,3.2,3,2.4,3.2,3,0.33,1.3,1.08,1.31,1.39,1.56,0.26,0.28,5.14,4.11,3.94,5.94,0.45,0.43,0,0,1
1,2.6,3.2,2.75,2.62,3.2,2.7,1.33,1.17,1.82,1.46,1.32,1.08,0.38,0.32,3.73,5.37,4.32,4.15,0.43,0.53,0,0,1
0,2.24,3.35,2.75,2.3,3.5,2.8,1.83,3.17,1.79,1.96,1,1.15,0.38,0.35,3.57,5.86,4.38,4.71,0.5,0.53,0,0,0
1,2.41,3.45,2.95,2.4,3.4,3,0.83,2.5,1.22,2.05,1.5,1.84,0.28,0.05,4.33,5.61,4.5,6.89,0.42,0.51,3,1,1
2,2.37,3.6,2.95,2.35,3.4,3,1.67,1.83,1.31,2.26,1.25,1.32,0.12,0.32,5,4.25,5.72,4.33,0.45,0.52,2,0,3
2,2.27,3.6,3.15,2.25,3.5,3.1,1.17,1.5,1.64,2.19,1.2,1.25,0.32,0.25,5.94,3.88,3.5,3.88,0.54,0.59,3,0,2
1,2.23,3.35,3.4,2.2,3.3,3.4,1.83,1.83,1.86,1.58,1.48,1,0.24,0.47,4.4,3.95,4.53,4.68,0.54,0.59,2,2,1
2,3.2,3,2.55,3.1,3,2.5,2.33,0.67,1.38,1.21,1.33,0.63,0.29,0.47,4.6,4.3,4.67,5.4,0.54,0.47,1,2,1
0,2.35,3.65,2.95,2.3,3.6,2.9,1.5,1,1.29,1.18,2,2.65,0.18,0,2.93,4.53,4.44,4,0.44,0.47,3,0,1
2,2.27,3.2,3.05,2.25,3.1,3.1,2,1.75,2,1.75,0.75,1.25,0.5,0.5,3.75,5.25,4.67,4,0.56,0.68,0,2,3
1,2.65,3.8,2.49,2.62,3.75,2.45,2,1.67,1.67,2,1.22,1.1,0.17,0.4,4.94,4.88,5.95,4.37,0.47,0.55,1,3,1
1,2.75,3.4,2.43,2.75,3.4,2.43,2,1.67,1.8,1.31,1.4,1.54,0.27,0.23,4.67,5.25,4.33,4.58,0.42,0.55,1,1,3
2,2.5,3.25,2.75,2.5,3.25,2.75,2.67,1.83,1.5,2.08,1.06,1.13,0.33,0.21,5.12,5.47,4.94,4.44,0.49,0.49,1,2,2
1,2.6,3.2,2.9,2.6,3.1,2.9,0.83,1.33,1.89,1.24,1.58,1.65,0.16,0.18,3.78,3.56,6.18,4.35,0.42,0.47,2,2,1
1,2.8,3.5,2.5,2.7,3.3,2.62,1.67,2.5,1.42,1.89,1.37,1.68,0.32,0.11,4.58,4.84,3.94,4.06,0.47,0.48,1,1,3
2,3.2,3.2,2.41,3.2,3.1,2.37,0.67,2.5,1.17,2.3,1.5,1.13,0.11,0.3,3.28,3.11,5.35,3.26,0.54,0.57,0,0,0
2,3.1,3.5,2.32,3.1,3.4,2.3,1.33,1.17,1.33,1.89,2,1.44,0.17,0.17,4.35,5.88,5.07,5.33,0.47,0.47,0,0,0
0,2.34,3.2,3.3,2.3,3.2,3.3,1.17,1.67,1.05,1.16,1.42,1.26,0.32,0.26,4.63,4.05,5.37,4.32,0.54,0.52,1,3,1
1,2.12,3.15,3.3,2.15,3.2,3.5,0.83,1.17,1,1.37,0.9,1.26,0.4,0.26,5,5.42,4.63,3.95,0.5,0.5,1,1,1
1,2.55,3.2,2.7,2.7,3.4,2.55,1.17,1.67,1.17,1.95,0.96,1.27,0.22,0.32,3.22,4.78,4.74,4.47,0.46,0.58,0,0,0
2,2.8,3.7,2.44,2.75,3.6,2.4,2.33,1.33,1.72,1.29,2,1.29,0.17,0.12,3.17,6.11,5.12,4,0.46,0.46,2,1,2
1,3,3.6,2.34,2.9,3.6,2.3,1.17,1.17,1.57,1.43,1.24,0.86,0.19,0.38,4.05,4.95,5.35,5.75,0.47,0.5,1,3,1
0,3.3,3.4,2.25,3.3,3.4,2.2,1.5,1.83,1,2.14,1.56,1.82,0.28,0.18,4.06,5.12,2.82,4.09,0.43,0.52,2,1,2
0,2.23,3.5,3.25,2.2,3.4,3.3,1.17,1.5,1.33,1.73,1.5,2.02,0.21,0.04,4.04,4.17,1.62,1.87,0.51,0.49,2,2,1
2,2.47,3.6,2.65,2.45,3.6,2.62,1.17,2.17,1.79,2,1.5,1.08,0.21,0.33,4.84,4.96,5.15,4.8,0.49,0.46,2,1,2
2,2.25,3.6,2.95,2.25,3.5,3,0.83,1.67,1.16,1.44,1.36,2.04,0.2,0.12,4.17,5.43,4.45,6.05,0.48,0.49,1,1,2
0,2.75,2.85,2.6,3,2.75,2.35,0.83,0.5,1,0.56,1,1.11,0.43,0.44,4.86,5.86,3.67,4.22,0.52,0.54,0,3,2
0,2.85,3.15,2.36,2.9,3.2,2.45,0.33,1.67,0.79,1.74,1.47,1.16,0.26,0.37,4.63,4.74,4.88,3.71,0.48,0.5,0,0,0
1,3.05,3.45,2.28,3.1,3.4,2.2,0.83,3.17,1.85,2.03,1.15,0.83,0.25,0.41,5.68,5.05,5.31,4.42,0.49,0.58,0,3,2
1,2.32,3.35,2.85,2.35,3.3,3,0.67,1.83,0.88,2.48,1.79,1.05,0.12,0.43,5.29,4.83,6.15,5.4,0.51,0.51,3,0,2
2,2.41,3.45,2.9,2.4,3.2,3,1.17,1.33,1.31,1.32,1.42,1.4,0.27,0.32,5.48,4.88,6.6,4.32,0.45,0.46,1,2,2
0,3.25,3.3,2.23,3.2,3.4,2.2,0.67,1,0.67,1.39,1.2,0.78,0.4,0.5,5.25,7,4.29,4.5,0.46,0.52,2,1,2
0,2.13,3.7,3.3,2.1,3.6,3.3,2.67,1.17,2.25,2.08,0.58,1.63,0.54,0.21,4.92,4,8,2.21,0.57,0.63,1,2,2
2,2.27,3.25,3.4,2.3,3.2,3.4,0.5,1.5,1.17,1.13,1.89,1.81,0.22,0.06,3.87,6.53,3.93,4.87,0.43,0.43,0,0,0
2,2.9,3.15,2.65,2.8,3.1,2.7,1.5,1.33,1.1,1.42,1.25,1.12,0.25,0.31,5.25,4.5,5.04,4.15,0.52,0.5,0,1,4
1,2.21,3.75,2.9,2.2,3.75,2.9,1.5,1,1.68,1.79,1.36,1.21,0.32,0.36,4.72,5.39,4.96,4.81,0.49,0.5,1,1,3
0,2.65,3.6,2.6,2.62,3.4,2.62,2,1.67,2.24,1.83,1.24,1.17,0.24,0.25,3.29,4,5.09,3.86,0.58,0.56,1,2,2
1,3.3,3.85,2.1,3.1,3.75,2.15,1.5,2,2,2.16,1.04,1.56,0.43,0.28,4.45,4.05,5.5,3.58,0.54,0.61,4,0,1
2,2.3,3.1,3.55,2.25,2.9,3.75,1.83,1.83,1.09,1.18,1.36,1.32,0.27,0.23,4.9,4.45,4.95,4.59,0.47,0.52,1,3,1
1,2.6,3.4,2.6,2.35,3.4,3,0.83,1.83,0.9,1.48,1.52,1.43,0.29,0.39,5.58,4.37,4.42,4.68,0.44,0.45,3,1,1
2,4,3.15,2.1,4.75,3.1,1.9,1.5,1.83,1.17,1.14,1.25,0.82,0.29,0.46,3.32,5.5,5.89,4.11,0.47,0.56,1,0,1
0,3,3.55,2.2,3.1,3.6,2.2,1.67,2.17,2.15,2.09,1,0.84,0.35,0.44,5.27,3.81,5.47,3.28,0.51,0.58,3,2,0
2,3.15,3.7,2.2,3.5,3.75,2,1.17,1.83,1,1.42,1.61,1.26,0.17,0.16,4.53,5.16,5.05,4.21,0.46,0.45,0,1,0
2,2.39,3.3,2.85,2.45,3.3,2.9,1.17,1.17,1.75,1.65,1.4,1.85,0.3,0.2,3.44,5.44,4.67,4.83,0.47,0.55,1,1,2
2,2.55,2.95,3.2,2.62,2.75,3.25,0.83,0.83,1.85,1.43,1.95,0.95,0.2,0.38,4.39,5.11,3.85,5.75,0.42,0.4,2,3,0
0,2.12,3.45,3.6,2.15,3.3,3.5,2.33,1.5,1.95,1.95,1.41,1.3,0.36,0.25,4.62,4.24,5.29,5,0.47,0.49,0,0,0
1,2.5,3.35,2.8,2.4,3.2,3,1,1.83,1,1.64,1,0.64,0.36,0.52,4.9,5.1,6.08,5.72,0.54,0.53,2,0,3
0,2.11,3.65,3.45,1.95,3.6,3.8,1.83,2.5,1.46,1.82,1.11,1.68,0.29,0.09,5.11,3.96,3.95,4,0.49,0.47,2,2,1
1,2.38,3.45,3.05,2.37,3.3,3,1.33,1,1.72,1.55,2.04,1.25,0.04,0.15,1.65,1.93,4.78,4.5,0.5,0.47,2,2,1
0,3,3.4,2.43,3,3.25,2.4,1,1.17,1.26,1.45,1.47,1.45,0.16,0.25,4.58,4.89,5.44,3.06,0.44,0.51,0,0,5
1,2.6,3.45,2.75,2.7,3.4,2.55,1,1,1.46,1.96,1.77,1.76,0.12,0.1,5.12,5.36,1.7,1.75,0.51,0.5,0,1,4
2,2.7,3.85,2.44,3.4,3.9,2,1.67,3.5,2.04,2.39,1.19,1.25,0.23,0.29,7.4,6.16,5.96,3.71,0.57,0.59,1,1,3
1,2.75,3.3,2.7,2.75,3.3,2.6,1,0.5,1.36,1.1,1.77,1.5,0.14,0.1,3.37,4.95,3.65,3.2,0.48,0.54,2,0,2
1,2.1,3.4,3.75,2.05,3.3,3.75,2,1,1.5,1.08,1.41,1.32,0.27,0.24,4.14,4.86,4.71,4.38,0.46,0.47,3,0,2
1,3.05,3.35,2.35,3,3.3,2.35,2.33,1.67,1.95,2.15,0.78,1,0.56,0.33,4.18,2.9,5.3,3.78,0.53,0.51,0,0,0
0,2.55,3.45,2.7,2.5,3.4,2.7,1.67,1.17,2.04,1.64,1.22,1.43,0.3,0.36,4.12,3.88,3.54,4.96,0.57,0.44,0,0,0
2,2.02,3.65,3.55,2,3.6,3.5,2.67,2.17,2.2,1.92,0.85,1.35,0.4,0.27,4.68,3.19,4.67,4.19,0.5,0.58,0,0,0
2,3.2,3.25,2.35,3.1,3.2,2.37,3.33,1.83,2.34,1.52,0.93,0.86,0.52,0.41,5.15,5.04,5.32,3.82,0.52,0.54,0,0,0
2,2.17,3.4,3.4,2.15,3.3,3.4,1.17,0.67,1.85,1.37,0.45,1.6,0.68,0.23,5.25,3.17,5.9,5,0.53,0.44,0,0,0
0,2.12,3.45,3.45,2.1,3.4,3.5,1.5,1.67,1.56,2.36,1,1.8,0.41,0.06,5,4.2,2.94,4.12,0.48,0.51,0,0,0
2,2.23,3.65,3.05,2.25,3.6,3,1.5,1.5,2.06,2.04,0.88,0.85,0.42,0.37,5.39,3.36,5.46,3.96,0.58,0.53,0,0,0
0,2.3,3.1,3.4,2.3,3,3.4,1.83,2.33,1.35,1.52,1.12,0.82,0.27,0.42,5.28,4.94,4.63,3.73,0.56,0.54,0,0,0
0,2.1,3.7,3.3,2.1,3.5,3.4,2.5,2,2.17,2.46,1.04,1.5,0.38,0.23,5.65,4.26,4.81,5.04,0.55,0.5,0,0,0
0,2.17,3.75,3.1,2.15,3.75,3,2.17,2,2.53,1.68,0.95,1.33,0.37,0.32,5.18,5.41,4.21,4.35,0.53,0.51,0,0,0
0,2.55,3.6,2.65,2.55,3.5,2.62,2,2.33,1.89,2.14,1.39,1.14,0.33,0.41,5.67,5.08,7.24,3.38,0.43,0.56,0,0,0
0,2.95,3.5,2.37,2.9,3.4,2.35,1.83,1.33,1.74,1.71,1.22,0.92,0.26,0.34,6.12,4.62,6.27,4.09,0.53,0.57,0,0,0
2,2.95,3.55,2.34,2.9,3.5,2.3,1,1.5,1.82,1.94,1.54,0.69,0.23,0.47,5.67,4.18,6.89,4.56,0.53,0.56,0,0,0
0,2.65,3.4,2.7,2.6,3.4,2.7,1.33,1.5,1.36,1.5,1.14,1.33,0.32,0.27,4.36,5.09,5.37,4.03,0.43,0.51,3,1,1
0,2.75,3.1,2.65,2.8,3.1,2.6,0.67,1.5,0.81,1.43,1.43,1.19,0.33,0.24,3.94,5.76,3.47,4.94,0.45,0.45,0,1,3
2,2.23,3.3,3.25,2.25,3.3,3.2,1.17,1,1.32,1.6,2.05,1.52,0.18,0.32,5.26,5.32,4.18,4.5,0.4,0.43,0,0,1
1,2.29,3.6,2.95,2.3,3.6,2.9,2,1.67,2.29,1.78,1.57,1,0.43,0.56,5.29,3.14,5.33,1.78,0.55,0.45,0,0,0
1,2.85,3.4,2.34,2.9,3.4,2.35,1.67,2.17,1.29,1.89,1.47,1.61,0.18,0.22,5,6.25,4.72,4.33,0.48,0.44,2,0,1
0,2.5,3.05,3.2,2.45,3,3.2,0.83,0.5,1.47,1.04,2.43,1.35,0.11,0.17,3.65,3.25,4.43,4.95,0.46,0.49,2,3,0
0,2.17,3.6,2.9,2.2,3.5,3,1.33,1.33,1.66,1.86,1.79,1.34,0.18,0.24,5.6,5.11,5.6,4.76,0.49,0.48,2,1,2
0,2.8,3.2,2.65,2.7,3.1,2.7,0.83,1.5,1.52,1.07,1.34,1,0.28,0.37,5.57,5.07,5.13,5.26,0.5,0.54,1,4,0
1,2.95,3.6,2.35,2.9,3.6,2.3,0.83,1.5,1.1,2.33,2.5,1.8,0,0.06,4.84,4.05,2.94,4.2,0.48,0.51,1,1,3
0,2.7,3.2,2.8,2.62,3.2,2.8,1.67,3,1.44,2.43,1.16,1.07,0.36,0.36,4.26,4.22,5.14,3.28,0.54,0.54,3,1,1
2,2.85,3.25,2.55,2.87,3.2,2.5,2,1.17,1.64,1.14,1.68,0.45,0.14,0.59,4.36,5.14,5.05,3.55,0.57,0.56,1,1,2
1,3.65,3.2,2.21,3.6,3.1,2.15,1.17,2,1.12,1.5,1.35,1.03,0.23,0.33,4.64,4.52,4.97,3.97,0.46,0.49,0,2,3
2,2.21,3.4,3,2.25,3.4,3,0.67,0.83,1.45,1.8,1.35,1.6,0.39,0.22,4.14,5.39,5.56,4.29,0.51,0.53,1,1,3
0,3.2,3.15,2.33,3.1,3.2,2.3,0.67,0.67,1.06,1.62,1.71,1,0.24,0.38,7.27,5.2,3.94,3.65,0.54,0.46,3,1,1
2,3.05,3.25,2.45,3.1,3,2.4,0.67,1,1.1,1.69,1.85,2,0.2,0.06,4,6.29,1.68,1.93,0.44,0.5,1,0,2
2,2.23,3.1,3.1,2.3,3.2,3.2,1.17,1,1.15,1.11,1.6,1.28,0.15,0.33,4.7,3.2,4.61,4.44,0.54,0.52,0,0,0
0,3.3,3.4,2.25,3.4,3.4,2.2,0.83,1.83,1.14,1.43,1.52,1.18,0.1,0.25,3.9,3.29,4.25,4.04,0.55,0.57,0,0,0
2,3.85,3.15,2.15,3.9,3,2.1,1.33,2,1.46,1.48,1.38,1.03,0.29,0.32,4.29,4.79,4.94,3.9,0.47,0.49,1,2,2
0,2.26,3.65,2.85,2.25,3.75,2.8,1.83,1.5,2.17,1.67,1.03,1.33,0.3,0.3,5.57,3.67,5.14,4.79,0.52,0.52,1,1,3
0,2.14,3.6,3.15,2.2,3.5,3.1,1.67,2.33,2.11,1.97,1.44,0.79,0.33,0.42,5.48,3.74,5.13,4.57,0.6,0.57,2,1,2
1,2.14,3.5,3.2,2.1,3.5,3.4,1.5,1.5,2,2.1,1.14,1.29,0.32,0.29,5.92,4.96,5.7,4.96,0.49,0.53,0,3,1
1,2.22,3.1,3.7,2.25,3.1,3.5,0.83,1.17,1,1.11,1.32,1.33,0.24,0.22,5.26,4.26,4.54,4.5,0.49,0.47,1,0,4
0,3,3.55,2.07,3,3.55,2.15,1.5,1.83,1.44,1.81,1.44,1.58,0.2,0.32,5,5.39,6,3.7,0.45,0.49,2,0,3
2,2.55,3.5,2.8,2.5,3.4,2.75,1.17,1.67,1.29,1.59,1.92,2.18,0.12,0.14,3.78,6.65,3.23,5.95,0.48,0.47,3,1,1
0,2.5,3.4,2.9,2.5,3.3,2.87,0.83,1,1.42,1.09,1.79,1.64,0.12,0.18,3.48,5.24,5.82,4.41,0.47,0.48,1,3,1
0,2.35,3.7,2.9,2.35,3.5,3,0.67,0.83,1.48,1.58,1.84,1.52,0.12,0.32,4.52,4.7,4.04,5.19,0.46,0.45,1,2,0
2,2.8,3.3,2.49,2.75,3.25,2.5,0.83,1.33,1.09,1.76,1.13,1.16,0.39,0.37,3.41,6.23,5.09,4.97,0.41,0.51,1,0,4
2,2.15,3.2,3.3,2.45,3.4,2.8,1.33,1.83,1.79,1.29,1.24,0.82,0.34,0.5,4.88,4.31,4.74,2.63,0.58,0.62,1,0,0
0,2.7,3.5,2.41,2.8,3.6,2.4,1.17,1,1.65,1.3,1.39,1.3,0.3,0.26,3.57,5.52,5.86,5.27,0.46,0.5,0,1,1
1,2.9,3,2.32,3,3.1,2.4,1.83,1.5,1.39,1.58,1.44,1.16,0.39,0.21,5.06,4.53,5.63,3.21,0.52,0.58,0,0,0
2,3.15,3.75,2.2,3.1,3.6,2.2,3,2,2.04,2.07,1.54,1.57,0.33,0.25,4.61,4.3,5.24,3.86,0.47,0.6,2,1,2
2,3.2,3.2,2.32,3.1,3.2,2.3,0.83,1.83,1.52,1.74,1.04,1.12,0.35,0.35,3.84,4.05,6.22,4.19,0.46,0.56,0,2,3
1,2.65,3.45,2.55,2.6,3.25,2.6,1.5,3,1.62,1.81,1,1.06,0.38,0.32,5.41,4.22,5.32,3.64,0.48,0.55,1,3,1
0,2.15,3.4,3.3,2.15,3.3,3.3,1.67,0.67,1.42,1.7,1.55,1.04,0.21,0.3,5.97,5,5.18,5.05,0.44,0.49,3,2,0
0,2.32,3.85,2.9,2.3,3.8,2.8,1.33,2.67,1.42,2.23,1.08,1.45,0.33,0.23,4.38,5.17,7.07,6.2,0.43,0.57,1,0,4
0,2.16,3.4,3.45,2.1,3.4,3.4,1,1.17,1.25,1.18,1.07,1.75,0.32,0.21,5.86,4.18,6.52,4.44,0.5,0.47,1,1,3
0,2.26,3.15,3.45,2.2,3.1,3.4,2,0.5,1.6,0.9,1.7,0.83,0.13,0.37,4.33,5.1,4.86,4.79,0.56,0.43,3,1,1
2,2.37,3.2,3.2,2.3,3.2,3.2,1.83,1.5,1.66,1.21,0.62,0.5,0.55,0.54,5.76,5.59,5.13,3.63,0.52,0.56,2,0,3
0,2.6,3.2,2.85,2.55,3.1,2.87,0.67,0.83,1.03,1.39,1.43,1.45,0.27,0.23,3.36,6.68,5.52,4.16,0.46,0.49,0,0,0
0,2.38,3.3,3.05,2.35,3.3,3,1,0.83,1.19,0.93,1.25,1.63,0.38,0.07,4.66,5.06,5.59,4.86,0.46,0.54,1,3,1
1,2.85,3.25,2.55,2.8,3.25,2.5,1,1.33,1.39,1.57,1,0.93,0.39,0.4,4.41,5.37,5.43,4.54,0.49,0.48,2,0,2
0,2.5,3.3,2.48,2.6,3.3,2.6,0.83,1.5,1.39,1.63,1.26,1.17,0.32,0.31,4.52,5.41,5.12,4.36,0.46,0.58,0,0,0
0,2.18,3.2,3.05,2.25,3.3,3.1,1,0.5,1.28,1.18,1.13,1.09,0.19,0.36,5.9,4.5,4.71,4.74,0.51,0.52,0,1,2
0,2.03,3.2,3.4,2,3.4,3.5,1.67,1.17,1.32,1.06,1.24,1.25,0.24,0.28,4.53,4.18,5.28,4.31,0.53,0.49,2,3,0
0,2.12,3.25,3.15,2.2,3.3,3.2,1.33,1.83,1.6,1.66,1.03,1.11,0.4,0.34,0.4,0.34,5.51,4.31,0.43,0.52,3,1,1
0,2.8,3.15,2.36,2.8,3.3,2.4,1.5,0.83,1.6,1.39,1.51,1.06,0.2,0.35,4.06,5.24,4.47,4.9,0.45,0.5,0,1,1
2,3.1,3.2,2.26,3.1,3.2,2.25,1.33,1.67,1.1,1.97,1.07,1.18,0.43,0.3,5.28,5,4.61,4.45,0.49,0.5,3,1,1
1,1.88,3.5,3.55,1.9,3.5,3.75,2.17,1.5,1.62,1.6,1.29,1.49,0.24,0.17,4.91,5.13,4.44,5.16,0.4,0.48,0,0,0
1,2.75,3.25,2.44,2.7,3.25,2.5,1.33,1.17,1.47,1.57,1.12,1.29,0.26,0.29,6.21,3.67,4.46,4.03,0.48,0.53,1,0,0
0,2.19,3.25,2.95,2.25,3.4,3,0.33,1.33,1.03,1.23,1.48,2,0.27,0.13,5.13,4.39,4.14,5.24,0.54,0.46,0,0,1
0,2.75,3.25,2.46,2.7,3.25,2.5,1.33,1.83,1.55,2,0.97,2,0.39,0.32,5,4.74,4.66,4.41,0.49,0.5,1,2,2
0,2.5,3.15,3,2.5,3.1,2.9,1.17,1.83,1.18,1.42,1.21,1.35,0.39,0.29,4.58,4.97,6.77,4.35,0.46,0.47,1,1,2
2,2.03,3,3.65,1.95,2.9,3.8,0.67,1.33,0.67,1.11,1.17,1.33,0.42,0.11,3.83,4.92,4.22,5.11,0.56,0.51,0,1,4
1,2.32,3,2.9,2.4,3.2,3,1.17,0.83,1.08,0.81,1.16,0.69,0.28,0.5,3.11,4.21,4,5.56,0.5,0.51,0,3,2
0,3.25,3.4,2.23,3.25,3.4,2.2,0.67,1.67,1.33,1.58,1.18,0.97,0.3,0.39,5.48,5.76,5.38,4.55,0.48,0.48,2,0,3
2,2.8,3.6,2.24,2.9,3.6,2.2,1.5,0.83,1.66,1.4,0.88,1.63,0.53,0.17,5.6,5.7,6.41,5.06,0.57,0.48,3,1,1
1,2.39,3.6,2.9,2.37,3.5,2.87,1.5,1.83,1.43,1.43,1.13,1.13,0.26,0.22,5.23,5.14,5.52,4.65,0.52,0.46,1,2,2
2,2.95,3.3,2.19,3.1,3.25,2.25,1.83,1.67,1.61,0.88,1.5,1.19,0.19,0.16,4.06,5.26,5.23,4.94,0.45,0.6,0,0,0
2,2.65,3.2,2.85,2.6,3.2,2.8,0.83,1.5,1.13,1.4,1.33,1.04,0.38,0.36,4.25,5.5,4.28,5.24,0.41,0.42,2,2,0
0,2.55,3.35,2.55,2.6,3.25,2.6,1.5,1.17,1.74,1.52,1.26,0.94,0.29,0.42,4.31,6.5,5.07,4.57,0.52,0.49,0,0,0
1,2.7,3.15,2.41,2.7,3.25,2.5,1.33,1.5,1.45,1.61,1,1.14,0.42,0.33,4.97,4.37,5.74,5.14,0.49,0.52,1,0,3
1,2.48,3.1,2.65,2.5,3.2,2.75,1.17,0.67,1.13,1.03,1.57,1.3,0.2,0.27,5.83,4.67,5.36,4.27,0.5,0.49,2,1,2
0,2.2,3.25,3,2.25,3.25,3.1,1.33,1.5,1.3,1.58,1.12,1.19,0.18,0.31,5.84,4.52,5.12,4.38,0.51,0.58,0,0,1
0,2.23,3.4,3.3,2.2,3.25,3.25,1.83,1.17,1.25,1.14,1.04,1.72,0.25,0.21,5.46,4.54,6.39,4.46,0.61,0.47,0,2,3
2,3.1,3.25,2.42,3.1,3.25,2.37,2,1.33,2.25,1.73,1.13,0.65,0.31,0.62,5.18,3.24,5.92,4,0.53,0.54,1,2,2
1,3.05,3.1,2.55,3,3,2.55,1.17,1.17,1.83,1.62,2,1.41,0.17,0.24,4.27,5.64,4.38,5,0.42,0.47,2,2,1
2,2.75,3.2,2.6,2.75,3.1,2.62,0.5,0.83,0.82,1.05,1.55,1.65,0.23,0.25,3.63,4.74,6.94,5,0.42,0.54,0,3,2
2,2.45,3.3,3.05,2.4,3.25,3,0.83,0.33,1.04,1.04,1.42,1.71,0.15,0.17,4.54,4.88,5.88,4.5,0.49,0.48,0,1,0
1,2.7,3.05,2.95,2.7,3,2.9,1,1.17,1.44,1.72,2.38,1.4,0.1,0.24,3.67,3.39,3.88,4.33,0.46,0.43,1,0,1
0,3.1,3.3,2.43,3,3.25,2.4,0.67,1.67,1,1.45,1.7,1.41,0.15,0.24,3.53,4.58,3.75,4.21,0.43,0.49,1,0,4
0,2.46,3.3,2.7,2.5,3.3,2.8,1.33,0.5,1.47,2,1.47,1.25,0.17,0.32,5.21,5.43,5.74,5.7,0.42,0.52,0,1,4
2,2.27,3.2,2.9,2.3,3.2,3.1,1.83,0.5,1.13,1.08,1.84,1.49,0.25,0.16,2.87,6.45,5.06,4.91,0.49,0.45,3,0,2
2,2.65,3.25,2.55,2.7,3.25,2.6,1,1.17,1.48,2.1,1.69,1.47,0.21,0.17,3.77,6.15,5.63,4.73,0.51,0.49,1,2,2
2,2.27,3.35,2.95,2.3,3.4,3,1.5,1.33,1.66,0.97,1.03,1.64,0.38,0.15,4.71,5.21,5.97,4.55,0.46,0.53,1,1,3
1,2.7,3.2,2.4,2.75,3.3,2.45,1,0.83,1.38,1.47,1.24,1.11,0.32,0.39,4.81,5.41,4.84,4.16,0.46,0.48,1,2,1
0,2.65,2.85,2.7,2.55,3,2.55,0.67,1.33,0.62,1.4,1.15,1.3,0.38,0.1,3.77,4.85,6.1,3.8,0.56,0.57,3,1,1
1,2.41,3.05,3.15,2.37,3.1,3.2,1.83,1.17,1.48,1.39,1.14,1.04,0.24,0.39,4.11,5.17,4.47,4.79,0.46,0.53,2,0,3
0,2.43,3.1,2.65,2.5,3.1,2.7,1,1.33,1.29,1.4,1.58,0.85,0.29,0.4,5.41,5,5,5.25,0.49,0.47,1,1,0
0,2.05,3.15,3.25,2.3,3.25,3.1,1.83,3.33,1.27,1.97,0.7,1.19,0.52,0.31,6.13,3.56,5.47,3.82,0.59,0.56,1,1,3
0,2.55,3.2,3,2.55,3.1,3,2.83,1.67,1.56,1.97,1.16,1.03,0.25,0.32,4.25,3.97,5.13,4,0.59,0.53,1,1,3
2,2.9,3.3,2.55,2.8,3.3,2.55,2.33,0.83,1.3,1.57,1.19,1.08,0.35,0.27,4.71,3.71,4.59,4.06,0.46,0.54,1,1,3
2,2.8,3.6,2.26,2.75,3.5,2.4,1.83,1.67,1.38,2.16,1.36,1,0.36,0.32,5.14,5.09,5.25,5.13,0.54,0.53,1,3,1
1,2.6,3.5,2.7,2.55,3.3,2.75,1.5,1.33,1.71,2.13,1.69,1.64,0.16,0.1,2.53,2.67,3.84,4.45,0.51,0.51,1,1,3
2,2.47,3.2,2.75,2.55,3.25,2.8,2,1.33,1.33,1.48,1.23,1.21,0.26,0.31,4.05,4.71,4.68,4.65,0.43,0.52,1,0,2
0,2.25,3.35,2.65,2.25,3.6,2.8,2.33,2,1.88,1.64,1.49,1.59,0.22,0.14,4.66,5.16,4.61,4.55,0.48,0.52,1,1,3
0,2.48,3.3,3,2.45,3.2,3.1,0.83,0.83,1.3,1.15,1.4,1.57,0.2,0.23,4.43,4.8,5.11,3.96,0.47,0.55,1,1,3
1,3.05,2.95,2.7,3.1,2.9,2.6,0.67,0.83,1.35,1.47,1.76,1.21,0.24,0.29,4.26,5.29,4.05,4.43,0.4,0.46,2,1,2
1,3.4,3.7,2.11,3.4,3.5,2.1,1.17,1.83,1.12,1.39,2.26,1.57,0.12,0.24,3.24,5.64,4.25,4.54,0.46,0.48,1,0,4
0,2.24,3.6,3.15,2.2,3.6,3.1,1.33,1.5,1.48,1.91,1.73,1.41,0.22,0.22,3.5,5.53,6.53,5.72,0.48,0.56,3,1,1
1,2.95,3.25,2.3,3,3.25,2.35,1,1.33,1.48,1.78,1.52,1.31,0.17,0.22,4.73,5.59,5.75,5.08,0.47,0.49,0,3,2
0,2.95,3.5,2.2,3.1,3.5,2.2,2,1.5,1.82,1.7,1.4,1.4,0.24,0.25,5.46,4.27,5.82,4.88,0.48,0.51,0,2,3
0,2.48,3.2,2.6,2.55,3.4,2.62,1.33,2,1.13,1.45,1.7,1.58,0.18,0.25,5.32,5.3,4.78,5.39,0.46,0.5,0,3,2
0,2.2,3.1,2.9,2.3,3.2,3.25,2,1.5,1.38,1.89,0.98,1.19,0.38,0.32,5.76,3.76,5.39,3.9,0.57,0.55,1,1,3
2,2.22,3.1,3.25,2.25,3,3.5,1.33,1,0.95,1.16,1.35,1.09,0.33,0.3,4.71,4.17,4.81,4.4,0.46,0.51,0,1,2
2,2.33,3.6,3,2.3,3.3,3.2,2.17,0.83,1.62,1.73,1.11,1.43,0.3,0.14,5.15,3.62,4.41,3.95,0.52,0.49,3,1,1
1,2.3,3.15,3.05,2.3,3.15,3.05,0.83,0.67,1.4,1,1.65,1.19,0.3,0.35,4.27,4.32,3.75,5.83,0.44,0.41,0,0,5
1,2.85,3.25,2.65,2.8,3.2,2.62,0.67,1.17,1.72,1.58,1.14,1.06,0.26,0.31,5.59,4.22,4.44,3.88,0.53,0.56,2,1,2
1,2.9,3.45,2.47,2.8,3.4,2.4,1,2.17,1.15,2.25,1.48,1.47,0.28,0.23,5.11,4.57,5.12,4.57,0.44,0.57,1,0,4
0,2.6,3.6,2.65,2.55,3.6,2.62,2.5,2.83,1.65,1.96,1.3,1.08,0.26,0.38,5.61,4.12,5.21,5.45,0.52,0.5,1,0,4
1,2.7,2.75,2.9,2.7,2.75,3,1.17,0.67,1,1.29,1.05,1.09,0.33,0.33,4.3,4.65,4.02,4.57,0.5,0.49,0,1,0
0,2.48,3.25,2.65,1.95,3.6,4,1.33,1.17,1.29,1.49,1.18,1.18,0.33,0.32,4.78,5.53,4.18,6.18,0.47,0.52,2,1,2
2,2.8,3.55,2.5,2.75,3.5,2.5,1.17,1.17,1.49,2.09,1.27,1.22,0.2,0.3,5.73,4.63,5.89,3.59,0.54,0.61,2,1,2
1,2.3,3.05,3.55,2.25,3,3.6,0.17,1,1.1,1.15,1.46,1.59,0.22,0.17,4.18,5.4,3.65,5.7,0.41,0.45,0,3,2
1,2.6,3.45,2.75,2.55,3.3,2.75,1,0.83,1.4,2,1.29,1.46,0.36,0.22,4.6,4.85,4.78,5.28,0.45,0.51,1,2,2
2,2.37,3.4,2.75,2.4,3.5,2.7,1.67,3,1.95,1.81,1.17,0.96,0.36,0.36,5.11,3.87,5.29,4.1,0.58,0.5,1,1,3
1,2.21,3.15,3.2,2.2,3.1,3.4,1.17,1.17,1.31,1.37,1.38,1.07,0.23,0.37,5.33,3.9,4.77,3.79,0.54,0.52,1,2,2
2,2.19,3.55,2.95,2.2,3.7,2.9,1.67,1,1.3,1.93,1.32,1.82,0.34,0.18,5.21,5.02,6.02,4.96,0.49,0.57,1,1,3
2,2.28,3.6,2.6,2.4,3.5,2.75,2.67,2.17,2.23,1.83,0.95,1.26,0.39,0.31,5.5,4.57,6.2,4,0.51,0.54,2,1,2
2,2.95,3.25,2.27,3.1,3.1,2.37,0.83,1.67,1.74,1.82,1.09,1.45,0.37,0.39,5.05,4.13,5.37,4.16,0.53,0.58,0,2,3
0,3.3,3.35,2.28,3.3,3.25,2.25,1.17,1.83,1.24,1.29,1.29,1.21,0.2,0.34,4.23,5.28,4.69,3.66,0.46,0.46,1,1,3
2,2.37,3.45,3.05,2.35,3.3,3.1,2,1,1.42,1.41,1.6,1.23,0.24,0.34,4.35,4.59,5.66,3.6,0.48,0.53,1,1,3
0,3.3,3.2,2.37,3.4,3.1,2.3,2,2,1.57,1.98,1.06,0.83,0.36,0.46,4.42,3.53,5.26,4.04,0.56,0.57,2,2,1
1,2.07,3.1,4.2,2,3.1,4.2,0.67,0.83,1.18,1.07,1.44,1.29,0.28,0.2,4.59,4.18,4.58,4.23,0.52,0.47,1,1,3
2,2.6,3.6,2.65,2.6,3.4,2.6,2.17,1,1.75,1.96,1.26,1.14,0.25,0.37,5.29,4.15,5.31,3.08,0.54,0.54,1,1,3
0,3.65,3.05,2.07,3.75,3.2,2.05,0.5,1.17,0.75,1.33,1.44,1.14,0.33,0.33,4.43,4.48,3.98,4.69,0.48,0.49,0,2,1
1,1.91,3.5,3.85,1.85,3.5,4.1,0.67,0.83,1.07,1.35,1.62,1.73,0.18,0.18,4.29,5.36,3.63,6.42,0.46,0.45,2,2,1
0,2.9,3.85,2.14,2.87,4,2.15,1.33,2.5,1.47,2.13,1.67,1.47,0.16,0.25,4.8,4.61,5.45,4.08,0.55,0.53,0,0,5
2,2.55,3.6,2.48,2.5,3.7,2.55,1,1.5,1.15,1.44,1.52,1.39,0.28,0.27,5.36,4.89,4.93,5.58,0.47,0.48,3,0,2
2,2.8,3.4,2.6,2.75,3.3,2.55,1.5,0.83,1.32,1.5,1.84,1.17,0.2,0.35,4,5.2,4.29,5.67,0.48,0.43,2,0,3
0,2.33,3.6,3,2.3,3.5,3,1,0.83,1.04,1.12,2.04,1.93,0.09,0.12,3.82,6.13,3.86,6.36,0.47,0.43,0,3,0
0,2.55,3.25,2.39,2.7,3.5,2.45,1.67,0.83,1.42,1.14,1.91,1.3,0.16,0.27,4.1,5.38,4.03,4.98,0.47,0.48,4,1,0
1,2.28,3.55,2.8,2.35,3.5,2.87,1.17,2.5,1.55,1.61,1.34,1.14,0.3,0.32,5.24,4.98,5.13,4.31,0.54,0.53,3,0,2
2,2.48,3.5,2.55,2.4,3.6,2.7,1.5,1.33,1.8,1.76,1.4,1.34,0.24,0.22,5.52,4.28,6.04,5.22,0.49,0.48,0,2,3
2,2.45,3.15,2.75,2.5,3.3,2.8,2,0.83,2.23,1.67,1.04,1.14,0.36,0.35,5.38,4.17,5.27,4.31,0.48,0.53,1,1,3
0,2.9,3.4,2.21,3,3.5,2.25,0.83,1.67,1.56,1.59,1.1,1.48,0.34,0.21,6.38,4.16,4.9,4.36,0.56,0.51,1,1,3
1,2.02,3.5,2.45,2.02,3.5,2.45,1.67,1.33,1.6,1.64,0.77,1.21,0.47,0.38,0,0,0,0,0,0,0,0,0
2,2.25,3.45,2.95,2.25,3.45,2.95,1.67,1.83,1.55,1.88,1.76,1.35,0.21,0.31,4.84,5,4.35,4.12,0.52,0.55,0,1,4
2,2.22,3.1,3.75,2.15,3.1,3.9,1.5,0.83,1.21,1.42,1.38,1.03,0.27,0.37,4.74,4.87,5.28,3.6,0.48,0.5,1,1,3
2,2.05,3.25,4.1,2,3.2,4.2,0.83,0.17,1.07,0.81,1.14,0.98,0.27,0.34,3.83,6.03,3.98,4.04,0.46,0.44,3,1,1
0,2.13,3.2,3.9,2.05,3.1,4.1,0.33,0.83,1.26,1.11,1.16,1.53,0.36,0.25,5.59,4.51,5.11,4.04,0.54,0.56,2,3,0
0,1.84,3.6,4.6,3.5,3.4,2.1,1.83,1.83,1.37,1.98,1.39,0.91,0.22,0.4,4.46,4.74,4.93,3.84,0.47,0.52,1,0,4
2,2.09,2.9,3.4,2.05,3.2,3.3,0.83,1.5,1.14,1.07,0.86,0.87,0.43,0.47,3.71,4.5,4.13,4.87,0.51,0.51,1,0,1
0,2.95,2.9,2.44,3.3,3.3,2.2,0.67,1.67,1.12,1.68,1.1,1.11,0.32,0.23,4.54,4.76,5.23,3.57,0.53,0.6,0,1,2
2,3.6,3,2.09,3.3,3,2.3,1,2,1.39,1.67,1.3,0.98,0.34,0.38,4.02,4.95,5.44,4.02,0.54,0.51,2,1,1
1,2.4,3.25,2.6,2.45,3.3,2.87,1.5,1.83,1.51,1.42,1.02,1.07,0.35,0.42,4.29,5.25,6.15,4.1,0.51,0.54,1,2,1
0,3.16,3.21,2.29,3.1,3.4,2.3,1.17,1.83,1.81,1.7,1.48,1.48,0.22,0.22,6.37,5.53,5.25,4.51,0.54,0.53,4,1,0
1,2.4,2.85,2.85,2.55,3,2.87,1,0.83,0.84,0.65,1.05,1.25,0.42,0.25,3.21,4.74,3.8,4.1,0.41,0.53,3,2,0
0,1.66,3.4,4.5,1.7,3.6,4.75,1,1,0.8,1.25,1.02,1.63,0.34,0.2,3.2,4.9,3.59,5.51,0.43,0.49,3,2,0
0,1.7,3.65,3.85,1.85,3.75,3.7,2,2,1.34,1,1.16,1.35,0.26,0.3,3.61,4.53,4.6,4.02,0.49,0.48,2,0,3
2,3.8,3.85,1.76,3.9,3.8,1.75,1.17,2.5,1.16,1.35,1.5,1.82,0.22,0.09,3.53,5.81,5.34,5.94,0.43,0.49,1,3,1
2,2.17,3.6,2.65,2.17,3.6,2.65,2,2.17,1.41,1.22,1.96,1.78,0.24,0.2,3.7,5.26,4.13,4.11,0.52,0.49,3,1,1
2,2.5,3.1,2.5,2.62,3.2,2.75,1.33,0.67,1.13,1,1.13,1.04,0.34,0.34,3.2,5.4,4.46,5.08,0.49,0.53,0,1,4
0,2.21,3.2,2.85,2.21,3.2,2.85,2,1.83,1.67,1.53,1.48,1.4,0.21,0.29,4.2,5,4.67,3.88,0.47,0.6,1,1,1
0,2.35,2.95,2.8,2.55,3.1,3,0.67,1.33,1.47,1.61,1.13,0.66,0.33,0.53,5.5,4.07,5.89,4.24,0.52,0.57,2,1,2
2,2.75,3.3,2.43,2.8,3.4,2.45,1.5,1.33,1.69,1.44,1.51,1.29,0.24,0.34,5.22,5.13,4.54,4.52,0.48,0.48,1,2,2
1,2.7,3.8,2.44,2.7,3.7,2.45,1.67,2.33,1.5,1.77,1.7,1.55,0.24,0.19,3.65,5.3,4.8,6.22,0.48,0.5,2,1,2
2,3.15,3.75,2.2,3,3.75,2.2,1.17,1.67,1.51,2.05,1.16,1.16,0.35,0.31,4.35,5.71,5.92,3.56,0.42,0.6,1,3,1
2,3,3.9,2.21,3,3.8,2.2,0.67,1.33,1.09,1.31,1.93,1.84,0.11,0.2,3.82,6.27,4.09,5.24,0.43,0.48,0,0,3
1,2.4,3.15,2.75,2.4,3.15,2.75,1.67,1.17,1.49,1.23,1.33,1.21,0.28,0.35,5,4.13,3.81,3.93,0.49,0.49,0,1,4
2,3.35,3.55,1.85,3.3,3.8,1.85,1.83,2.17,1.93,2.45,1.4,1.18,0.27,0.27,6.45,4.55,6.89,3.56,0.51,0.53,4,0,1
1,2.2,3.25,2.75,2.35,3.3,3.1,2.83,2.5,2.46,2.29,0.89,0.89,0.46,0.41,6.62,3.34,6.09,3.3,0.55,0.58,0,3,2
0,2.24,2.95,3.4,2.37,3,3.25,1.17,1.33,1.3,1.26,1.14,0.98,0.32,0.3,4.02,4.67,3.94,5.24,0.49,0.44,2,1,1
1,2.6,3.5,2.45,2.55,3.6,2.55,0.67,1.17,0.92,1.48,1.39,1.16,0.31,0.32,4.98,4.06,4.76,4.6,0.46,0.52,0,2,1
1,2.16,3.2,3.25,2.4,3,3.2,1.83,2.17,1.31,1.74,1.04,1.36,0.33,0.2,4.22,4.16,5.04,4.33,0.44,0.53,0,1,4
2,2.95,3.35,2.31,2.9,3.5,2.2,1.67,1.17,1.51,1.28,1.21,1.48,0.32,0.2,4.73,4.69,5.03,3.58,0.48,0.51,1,1,3
2,3.25,3.8,2.13,3.2,3.75,2.1,0.83,2.67,1.41,2.85,1.02,1.24,0.38,0.32,5.25,3.62,6.32,4.24,0.5,0.66,1,1,3
2,2.22,2.85,3.1,2.3,3.1,3.4,1.83,1.5,1.59,1.78,0.59,0.5,0.53,0.66,6.44,3.91,7.03,3.28,0.52,0.63,1,2,2
0,2.31,3.5,2.49,2.31,3.5,2.49,1.67,1.67,1.67,1.23,2.33,1.38,0.07,0.23,3.11,5.68,4.69,3.85,0.37,0.48,0,0,0
0,2.65,3.3,2.29,2.8,3.4,2.3,1.33,1,1.42,1.33,0.92,1.75,0.33,0.25,3,7.08,7.92,4,0.42,0.52,1,0,3
0,2.34,3.2,2.65,2.35,3.4,2.7,1.33,2,1.67,1.45,1.47,1.41,0.22,0.18,4.19,5.04,5.31,4.55,0.47,0.52,2,0,1
1,1.95,2.95,3.75,1.95,2.95,3.75,0.17,1.33,0.44,1.1,1.5,0.8,0.22,0.5,2.5,4.83,4.44,3.44,0.45,0.55,0,0,0
0,2.8,3.4,2.12,2.62,3.9,2.1,0.67,2.17,1.31,1.4,1.88,1.75,0.31,0.25,4.29,4.79,6.53,5.27,0.52,0.51,2,0,0
1,2.44,2.9,2.85,2.6,2.87,3,1.33,0.67,1.06,0.74,1.11,1.05,0.33,0.32,4.06,4.5,3.67,5.06,0.56,0.49,3,0,2
0,2.55,3,2.55,2.55,3.2,2.55,1,1,1.26,0.95,1.74,0.84,0.16,0.47,4.06,6.17,4.53,5,0.52,0.54,3,1,1
1,2.7,3,2.39,2.8,3.1,2.55,1,1.5,0.93,1.29,1.67,1.06,0.2,0.35,4.2,4.8,4.88,3.82,0.44,0.52,2,0,3
1,2.25,2.85,3.2,2.35,2.75,3.6,1,0.67,0.71,0.65,1,0.88,0.24,0.47,5.53,3.65,5.47,4.76,0.51,0.57,0,3,2
0,2.13,3.15,3.3,2.13,3.15,3.3,0.67,1.5,1.09,1,1.31,1.31,0.29,0.24,4.38,4.36,4.26,3.95,0.48,0.52,1,1,3
1,1.87,2.85,4.4,1.95,3,4.5,1.67,1,0.94,0.94,0.89,0.41,0.33,0.65,5.28,4,3.65,4.76,0.52,0.54,1,2,2
0,2.29,2.7,3.3,2.4,2.62,3.7,0.5,0.5,0.59,0.42,1.24,1.11,0.24,0.42,4.35,4.53,4.16,4.58,0.49,0.46,0,1,0
1,2.27,2.85,3.05,2.27,2.85,3.05,0.83,0.83,1.21,1.28,1,0.76,0.36,0.52,6,3.96,6.44,4.44,0.55,0.54,3,0,2
2,1.98,2.9,3.85,1.98,2.9,3.85,0.83,0.83,0.76,0.95,0.81,0.95,0.38,0.3,3.9,5.2,3.5,4.55,0.48,0.53,1,0,1
1,2.5,2.8,2.75,2.51,2.88,2.9,1,0.67,1.64,1.41,0.82,0.85,0.39,0.44,5.93,6.81,6.04,3.43,0.48,0.53,1,3,0
0,2.23,3.5,2.9,2.23,3.5,2.9,2,2,1.44,1.9,1.29,1.25,0.33,0.31,4.39,5.02,5.17,4.15,0.48,0.54,2,0,3
2,2.95,3.25,2.1,2.95,3.25,2.1,0.83,1.67,0.96,1.36,1.63,1.52,0.17,0.24,4.29,6.38,4.04,5.75,0.47,0.54,1,0,4
1,2.43,3.15,2.6,2.43,3.15,2.6,1.17,1.67,1.14,1.14,1.57,1.32,0.05,0.23,4.95,4.76,4,4.95,0.49,0.46,1,3,1
0,2.4,3.05,2.65,2.4,3.05,2.65,1,1.33,1.18,1.42,1.05,1.11,0.41,0.32,4.45,3.55,5.16,3.47,0.48,0.47,2,2,1
0,2.6,3.5,2.45,2.6,3.5,2.45,2,1.17,2.54,1.92,1.38,1,0.33,0.46,4.48,5.43,6.26,3.68,0.53,0.56,1,1,3
1,3.1,2.9,2.2,3.1,2.9,2.2,1.5,1.33,1.2,0.9,1.7,0.9,0.1,0.4,4.4,5.7,5,4.11,0.46,0.47,1,0,1
0,2.46,2.75,2.95,2.46,2.75,2.95,0.67,1.17,0.77,0.79,1,0.63,0.36,0.53,3.48,5.14,4.6,4.5,0.48,0.51,2,2,1
1,2.29,2.9,2.95,2.29,2.9,2.95,2.5,2.17,1.97,1.47,1.16,1,0.23,0.37,5.42,4.13,5.39,3.39,0.5,0.54,2,3,0
2,2.06,2.85,3.65,2.06,2.85,3.65,1.33,0.83,1.35,0.9,0.65,0.76,0.55,0.43,4.3,4.2,4.38,4.95,0.52,0.5,0,1,4
0,2.16,2.85,3.4,2.16,2.85,3.4,1.33,0.5,1.15,0.9,0.95,0.6,0.3,0.5,4.5,4.85,4.1,3.5,0.48,0.46,2,1,1
2,2.21,2.7,3.35,2.21,2.7,3.35,1,0.33,1.28,0.91,1.13,0.74,0.31,0.57,5,5.29,5.09,5.65,0.51,0.5,0,0,0
2,2.55,3.05,2.49,2.55,3.05,2.49,0.17,1.17,0.82,1.55,1.05,0.85,0.45,0.5,4.82,4.95,4.95,3.79,0.54,0.47,1,2,2
0,2.7,3.1,2.33,2.86,3.18,2.38,0.83,2.17,1.46,1.41,1.25,1.33,0.17,0.33,5.04,3.88,5.61,3.71,0.56,0.61,0,2,3
1,2.02,2.85,3.7,2.04,2.8,3.57,2,0.83,1.58,1.05,0.88,1.05,0.42,0.41,5.27,5.31,4.09,4.41,0.48,0.51,1,1,3
0,2.65,2.6,2.9,2.65,2.6,2.9,1,1,0.8,0.9,1,0.52,0.2,0.57,5.6,3.9,4.43,4.19,0.51,0.52,0,4,1
